seed	source	phrase	count
ии фотосессия	result	фотосессия ии	48027
ии фотосессия	result	ии фотосессия бесплатно	17819
ии фотосессия	result	ии фотосессия по фото	9634
ии фотосессия	result	промты для ии фотосессии	8352
ии фотосессия	result	ии фотосессия по фото бесплатно	7994
ии фотосессия	result	фотосессия ии онлайн	5700
ии фотосессия	result	ии фотосессия по фото онлайн	2694
ии фотосессия	result	ии фотосессия по фото бесплатно онлайн	2643
ии фотосессия	result	ии фотосессия без	2503
ии фотосессия	result	ии фотосессия без регистрации	2403
ии фотосессия	result	ии фотосессия бесплатно без регистрации	2360
ии фотосессия	result	фотосессия ии день рождения	1730
ии фотосессия	result	семейная фотосессия ии	1421
ии фотосессия	result	ии фотосессия по фото без регистрации	1324
ии фотосессия	result	ии фотосессия по фото бесплатно без регистрации	1321
ии фотосессия	association	wfolio для фотографов	1192
ии фотосессия	association	песня я фотограф	1853
ии фотосессия	association	фотографы ню	5902
ии фотосессия	association	голые девушки фотосеты	529
ии фотосессия по фото	result	ии фотосессия по фото	9634
ии фотосессия по фото	result	ии фотосессия по фото бесплатно	7994
ии фотосессия по фото	result	ии фотосессия по фото онлайн	2694
ии фотосессия по фото	result	ии фотосессия по фото бесплатно онлайн	2643
ии фотосессия по фото	result	ии фотосессия по фото без регистрации	1324
ии фотосессия по фото	result	ии фотосессия по фото бесплатно без регистрации	1321
ии фотосессия по фото	result	ии фотосессия по фото день рождения	146
ии фотосессия по фото	result	ии фотосессия по фото семейная	143
ии фотосессия по фото	result	ии фотосессия по фото бесплатно день рождения	129
ии фотосессия по фото	result	ии фотосессия по фото бесплатно семейная	120
ии фотосессия по фото	result	ии сделать фотосессию по фото	88
ии фотосессия по фото	result	фотосессия ии бесплатно по фото пробный	85
ии фотосессия по фото	result	создать ии фотосессию по фото	80
ии фотосессия по фото	result	ии фотосессия по фото приложение	73
ии фотосессия по фото	result	ии фотосессия нейросеть по фото	72
ии фотосессия по фото	association	поиск по фотографии	17808
ии фотосессия по фото	association	фотография на которой меня нет	40127
ии фотосессия по фото	association	фотографии наса	24727
ии фотосессия по фото	association	фотографии наса в определенный день	823
ии фотосессия по фото	association	фотостудия без фотографа	6884
ии фотосессия по фото	association	я фотограф	10331
фотосессия ии онлайн	result	фотосессия ии онлайн	5700
фотосессия ии онлайн	result	ии фотосессия по фото онлайн	2694
фотосессия ии онлайн	result	ии фотосессия по фото бесплатно онлайн	2643
фотосессия ии онлайн	result	фотосессия с ии бесплатно онлайн	556
фотосессия ии онлайн	result	фотосессия ии нейросеть онлайн	301
фотосессия ии онлайн	result	ии фотосессия нейросеть бесплатно онлайн	287
фотосессия ии онлайн	result	фотосессия с ии бесплатно онлайн без регистрации	253
фотосессия ии онлайн	result	сделать фотосессию ии онлайн	173
фотосессия ии онлайн	result	фото ии нейросеть онлайн бесплатно фотосессия	153
фотосессия ии онлайн	result	фотосессия с помощью ии онлайн	114
фотосессия ии онлайн	result	сделать ии фотосессию бесплатно онлайн	113
фотосессия ии онлайн	result	фотосессия с помощью ии онлайн бесплатно	97
фотосессия ии онлайн	result	ии фоторедактор фотосессии онлайн	73
фотосессия ии онлайн	result	фотосессия ии онлайн день рождения	62
фотосессия ии онлайн	result	создать ии фотосессию онлайн	62
фотосессия ии онлайн	association	вфолио сайт для фотографов	770
фотосессия ии онлайн	association	фолио сайт фотографа	1416
фотосессия ии онлайн	association	песня я фотограф	1853
фотосессия ии онлайн	association	сайт для фотографов wfolio	832
фотосессия ии онлайн	association	wholio сайт для фотографов	178
фотосессия ии онлайн	association	сайт фотографа	9499
фотосессия ии бесплатно	result	ии фотосессия бесплатно	17819
фотосессия ии бесплатно	result	ии фотосессия по фото бесплатно	7994
фотосессия ии бесплатно	result	ии фотосессия по фото бесплатно онлайн	2643
фотосессия ии бесплатно	result	ии фотосессия бесплатно без регистрации	2360
фотосессия ии бесплатно	result	ии фотосессия по фото бесплатно без регистрации	1321
фотосессия ии бесплатно	result	бесплатная фотосессия с помощью ии	626
фотосессия ии бесплатно	result	фотосессия с ии бесплатно онлайн	556
фотосессия ии бесплатно	result	ии фотосессия создать бесплатно	434
фотосессия ии бесплатно	result	семейная фотосессия ии бесплатно	423
фотосессия ии бесплатно	result	ии фотосессия нейросеть бесплатно	413
фотосессия ии бесплатно	result	ии для создания фотосессии бесплатно	308
фотосессия ии бесплатно	result	ии фотосессия нейросеть бесплатно онлайн	287
фотосессия ии бесплатно	result	фотосессия с ии бесплатно онлайн без регистрации	253
фотосессия ии бесплатно	result	ии фотосессия на день рождения бесплатно	233
фотосессия ии бесплатно	result	фотосессия через ии бесплатно	189
фотосессия ии бесплатно	association	я фотограф поставил камеру на штатив	1202
фотосессия ии бесплатно	association	песня я фотограф	1853
фотосессия ии бесплатно	association	скачать песню я фотограф	503
фотосессия ии бесплатно	association	что такое тфп съемка в фотографии	105
фотосессия ии бесплатно	association	бесплатное определение возраста по фото	802
фотосессия ии бесплатно	association	фото меня	408985
нейросеть фотосессия	result	фотосессия нейросеть	7939
нейросеть фотосессия	result	нейросеть фотосессия бесплатно	3795
нейросеть фотосессия	result	фотосессия нейросеть онлайн бесплатно	1559
нейросеть фотосессия	result	фотосессия с помощью нейросети	1440
нейросеть фотосессия	result	промт для фотосессии нейросети	1324
нейросеть фотосессия	result	бесплатная фотосессия с помощью нейросети	1118
нейросеть фотосессия	result	ии фотосессия нейросеть	821
нейросеть фотосессия	result	нейросеть сделать фотосессию	775
нейросеть фотосессия	result	нейросеть создающая фотосессию	474
нейросеть фотосессия	result	фотосессия с нейросетью онлайн	459
нейросеть фотосессия	result	ии фотосессия нейросеть бесплатно	413
нейросеть фотосессия	result	сделать фотосессию с нейросетью бесплатно	402
нейросеть фотосессия	result	фотосессия с помощью нейросети онлайн	390
нейросеть фотосессия	result	создать фотосессию с помощью нейросети	381
нейросеть фотосессия	result	бесплатная фотосессия с помощью нейросети онлайн бесплатно	377
нейросеть фотосессия	association	ии фото нейросеть бесплатно	37005
нейросеть фотосессия	association	квен нейросеть	12277
нейросеть фотосессия	association	нейросеть фото	481711
нейросеть фотосессия	association	klap нейросеть	4133
нейросеть фотосессия по фото	result	фотосессия по фото нейросеть бесплатно	246
нейросеть фотосессия по фото	result	нейросеть для фотосессии по фото	82
нейросеть фотосессия по фото	result	ии фотосессия нейросеть по фото	72
нейросеть фотосессия по фото	result	фотосессия по фото нейросеть онлайн	36
нейросеть фотосессия по фото	result	нейросеть по фото сделать фотосессию	33
нейросеть фотосессия по фото	result	ии фотосессия нейросеть по фото бесплатно	26
нейросеть фотосессия по фото	result	фотосессия по фото нейросетью онлайн бесплатно	22
нейросеть фотосессия по фото	result	создать фотосессию по фото нейросеть бесплатно	21
нейросеть фотосессия по фото	result	сгенерировать фотосессию по фото помощью нейросетей бесплатно	14
нейросеть фотосессия по фото	result	нейросеть создание по фото фотосессия	12
нейросеть фотосессия по фото	result	нейросеть для фотосессии по фото и описанию	9
нейросеть фотосессия по фото	result	нейросеть для создания фотосессии по фото бесплатно	7
нейросеть фотосессия по фото	result	фотосессия для девочки по фото нейросеть бесплатно	5
нейросеть фотосессия по фото	association	фотосессия без фотографа	4918
нейросеть фотосессия по фото	association	бесплатная ии фотосессия	17522
нейросеть фотосессия по фото	association	как улучшить фотографию с помощью нейросетей	122
нейросеть фотосессия по фото	association	топ бесплатных нейросетей для генерации изображений	124
нейросеть фотосессия по фото	association	оживить фотографию с помощью нейросети	2973
нейросеть фотосессия по фото	association	бесплатная фотосессия с помощью ии	569
нейросеть фотосессия по фото	association	создать фотографию с помощью нейросети	705
виртуальная фотосессия	result	виртуальные фотосессии	23
виртуальная фотосессия	association	раздеть фото онлайн	10694
виртуальная фотосессия	association	голые фотографии	65512
виртуальная фотосессия	association	изменить позу на фото онлайн бесплатно	617
виртуальная фотосессия	association	нейросеть сделать фото	27809
виртуальная фотосессия	association	позы для фоток	2489
фотосессия онлайн нейросеть	result	фотосессия нейросеть онлайн бесплатно	1559
фотосессия онлайн нейросеть	result	фотосессия с нейросетью онлайн	459
фотосессия онлайн нейросеть	result	фотосессия с помощью нейросети онлайн	390
фотосессия онлайн нейросеть	result	бесплатная фотосессия с помощью нейросети онлайн бесплатно	377
фотосессия онлайн нейросеть	result	фотосессия ии нейросеть онлайн	301
фотосессия онлайн нейросеть	result	ии фотосессия нейросеть бесплатно онлайн	287
фотосессия онлайн нейросеть	result	нейросеть фото онлайн фотосессия	215
фотосессия онлайн нейросеть	result	фото ии нейросеть онлайн бесплатно фотосессия	153
фотосессия онлайн нейросеть	result	фотосессия в нейросети онлайн бесплатно хорошем	150
фотосессия онлайн нейросеть	result	фотосессия онлайн нейросеть бесплатно в хорошем качестве	135
фотосессия онлайн нейросеть	result	сделать фотосессию с нейросетью бесплатно онлайн	126
фотосессия онлайн нейросеть	result	сделать фотосессию с помощью нейросети бесплатно онлайн	124
фотосессия онлайн нейросеть	result	фотосессия с помощью нейросети сделать онлайн	124
фотосессия онлайн нейросеть	result	фотосессия нейросеть онлайн бесплатно без регистрации	118
фотосессия онлайн нейросеть	result	фотосессия нейросеть онлайн по фотографии	75
фотосессия онлайн нейросеть	association	бесплатная нейросеть для редактирования фото	1519
фотосессия онлайн нейросеть	association	бесплатные нейросети для генерации фото	10038
фотосессия онлайн нейросеть	association	бесплатная нейросеть для создания изображений	2467
фотосессия онлайн нейросеть	association	бесплатная обработка фото нейросетью	14911
фотосессия онлайн нейросеть	association	бесплатная нейросеть для создания фото	5372
фотосессия онлайн нейросеть	association	бесплатная нейросеть для фотографий	2439
фотосессия онлайн нейросеть	association	бесплатная нейросеть для фото	28925
фотосессия без фотографа	result	фотосессия без фотографа	5085
фотосессия без фотографа	result	фотосессия без фотографа москва	911
фотосессия без фотографа	result	студия фотосессии без фотографа	793
фотосессия без фотографа	result	фотосессия без фотографа спб	518
фотосессия без фотографа	result	студия фотосессии без фотографа москва	198
фотосессия без фотографа	result	фотосессия без фотографа екатеринбург	195
фотосессия без фотографа	result	фотосессия без фотографа нижний	137
фотосессия без фотографа	result	фотосессия без фотографа нижний новгород	125
фотосессия без фотографа	result	фотосессия без фотографа самара	108
фотосессия без фотографа	result	фотосессия без фотографа новосибирск	96
фотосессия без фотографа	result	фотосессия без фотографа краснодар	88
фотосессия без фотографа	result	фотосессия без фотографа ростов	83
фотосессия без фотографа	result	фотосессия без фотографа казань	83
фотосессия без фотографа	result	фотосессия без фотографа челябинск	83
фотосессия без фотографа	result	фотосессия без фотографа уфа	81
фотосессия без фотографа	association	поиск по фотографии	17808
фотосессия без фотографа	association	сделать фото ии	109831
фотосессия без фотографа	association	фотография на которой меня нет	40127
фотосессия без фотографа	association	фотографирую закат будто пару лет назад	3608
фотосессия без фотографа	association	фото голых дам	12475
фотосессия без фотографа	association	фотографии наса	24727
фотосессия без студии	result	фотосессия без студии	891
фотосессия без студии	result	студия фотосессии без фотографа	793
фотосессия без студии	result	студия фотосессии без фотографа москва	198
фотосессия без студии	result	фотосессия самара в студии без фотографа	23
фотосессия без студии	result	студии для фотосессии в спб без фотографа	20
фотосессия без студии	result	студия фотосессии нижний новгород без фотографа	19
фотосессия без студии	result	фотосессия красноярск в студии без фотографа	12
фотосессия без студии	result	фотосессия волгоград в студии без фотографа	8
фотосессия без студии	result	студия фотосессии без фотографа екатеринбург	8
фотосессия без студии	result	студия фотосессии без фотографа тамбов	5
фотосессия без студии	association	поиск по фотографии	17808
фотосессия без студии	association	фотография на которой меня нет	40127
фотосессия без студии	association	фотография на которой меня нет читать	5296
фотосессия без студии	association	фотоателье	46730
фотосессия без студии	association	фотографирую закат будто пару лет назад	3608
фотосессия без студии	association	фотографии наса	24727
фотосессия без студии	association	фотостудия	220634
фото через нейросеть	result	фото через нейросеть	9753
фото через нейросеть	result	фото через нейросеть бесплатно	4462
фото через нейросеть	result	сделать фото через нейросеть	4003
фото через нейросеть	result	фото через нейросеть онлайн	2855
фото через нейросеть	result	фото через нейросеть онлайн бесплатно	2521
фото через нейросеть	result	сделать фото через нейросеть бесплатно	2035
фото через нейросеть	result	сделать фото через нейросеть онлайн	1191
фото через нейросеть	result	сделать фото через нейросеть онлайн бесплатно	1086
фото через нейросеть	result	фото через нейросети бесплатно без регистрации	970
фото через нейросеть	result	фото через нейросеть онлайн без регистрации	862
фото через нейросеть	result	фото через нейросеть онлайн бесплатно без регистрации	862
фото через нейросеть	result	создать фото через нейросеть	643
фото через нейросеть	result	отредактировать фото через нейросеть	631
фото через нейросеть	result	качество фото через нейросеть	564
фото через нейросеть	result	семейное фото через нейросеть	476
фото через нейросеть	association	генерация картинок нейросетью	13767
фото через нейросеть	association	нейросеть для генерации картинок	6638
фото через нейросеть	association	нейросеть для оживления фотографий	585
фото через нейросеть	association	сгенерировать фотографию в нейросети бесплатно онлайн	269
фото через нейросеть	association	нейросеть для фотографий бесплатно	2439
сделать фото через нейросеть	result	сделать фото через нейросеть	4003
сделать фото через нейросеть	result	сделать фото через нейросеть бесплатно	2035
сделать фото через нейросеть	result	сделать фото через нейросеть онлайн	1191
сделать фото через нейросеть	result	сделать фото через нейросеть онлайн бесплатно	1086
сделать фото через нейросеть	result	сделать фото лучше через нейросеть	421
сделать фото через нейросеть	result	сделать семейное фото через нейросеть	400
сделать фото через нейросеть	result	сделать фото лучше через нейросеть бесплатно	388
сделать фото через нейросеть	result	сделать семейное фото через нейросеть бесплатно	173
сделать фото через нейросеть	result	как сделать красивое фото через нейросеть	171
сделать фото через нейросеть	result	как сделать красивое фото через нейросеть бесплатно	117
сделать фото через нейросеть	result	через какую нейросеть сделать фото	101
сделать фото через нейросеть	result	сделать фото через нейросеть на день рождения	85
сделать фото через нейросеть	result	через какую нейросеть можно сделать фото	77
сделать фото через нейросеть	result	сделать студийное фото через нейросеть	77
сделать фото через нейросеть	result	сделать студийное фото через нейросеть бесплатно	71
сделать фото через нейросеть	association	создать картинку с помощью нейросети онлайн	6262
сделать фото через нейросеть	association	создать изображение с помощью нейросети бесплатно	720
сделать фото через нейросеть	association	сгенерировать картинку бесплатно без регистрации нейросетью онлайн	926
сделать фото через нейросеть	association	создать картинку по описанию с помощью нейросети	721
сделать фото через нейросеть	association	как сгенерировать картинку с помощью нейросети	464
сделать фото через нейросеть	association	создать картинку с помощью нейросети	8094
нейросеть сделать фото	result	нейросеть сделать фото	28142
нейросеть сделать фото	result	нейросеть сделать фото бесплатно	11831
нейросеть сделать фото	result	сделать фото нейросеть онлайн	5113
нейросеть сделать фото	result	сделать фото через нейросеть	4003
нейросеть сделать фото	result	сделать видео из фото нейросеть	3130
нейросеть сделать фото	result	сделать фото с помощью нейросети	3123
нейросеть сделать фото	result	нейросеть сделать фото без регистрации	2275
нейросеть сделать фото	result	нейросеть сделать фото бесплатно без регистрации	2258
нейросеть сделать фото	result	сделать фото через нейросеть бесплатно	2035
нейросеть сделать фото	result	сделать фото с помощью нейросети бесплатно	1671
нейросеть сделать фото	result	нейросети сделать фото бесплатно онлайн без регистрации	1657
нейросеть сделать фото	result	сделать видео из фото нейросеть бесплатно	1531
нейросеть сделать фото	result	сделать красивое фото нейросеть	1425
нейросеть сделать фото	result	сделать фото через нейросеть онлайн	1191
нейросеть сделать фото	result	алиса сделай нейросеть фото	1111
нейросеть сделать фото	association	нейросеть для генерации картинок	6638
нейросеть сделать фото	association	нейросеть для оживления фотографий	585
нейросеть сделать фото	association	создание изображений нейросетью	7600
нейросеть сделать фото	association	нейросеть для создания фотографий	1066
нейросеть по фото	result	нейросеть по фото	55756
нейросеть по фото	result	нейросеть по фото бесплатно	25172
нейросеть по фото	result	нейросеть по фото онлайн	9745
нейросеть по фото	result	бесплатная нейросеть по фото онлайн	7852
нейросеть по фото	result	нейросеть фото по описанию	6460
нейросеть по фото	result	создать по фото нейросеть	5495
нейросеть по фото	result	нейросеть для генерации фото по фото	5307
нейросеть по фото	result	нейросеть сгенерировать фото по фото	4908
нейросеть по фото	result	нейросеть изображения по фото	4856
нейросеть по фото	result	нейросеть по созданию фото	4545
нейросеть по фото	result	нейросеть по фото без регистрации	4312
нейросеть по фото	result	нейросеть видео по фото	4281
нейросеть по фото	result	нейросеть по фото бесплатно без регистрации	4217
нейросеть по фото	result	нейросеть по генерации фото бесплатно	3960
нейросеть по фото	result	сгенерировать фото нейросетью бесплатно по фото	3559
нейросеть по фото	association	депсик нейросеть	4180
нейросеть по фото	association	нейронка для фото	10357
нейросеть по фото	association	нейронка для фотографий	620
нейросеть по фото	association	нейронка для фоток	433
нейросеть по фото	association	нейросеть для фотографий	7836
нейросеть по фото	association	нейросеть картинки	122592
нейросеть по фото	association	нейросеть для фоток	1080
сгенерировать фото по фото	result	сгенерировать по фото	25653
сгенерировать фото по фото	result	сгенерировать фото по фото бесплатно	10407
сгенерировать фото по фото	result	нейросеть сгенерировать фото по фото	4908
сгенерировать фото по фото	result	сгенерировать фото по фото онлайн	4551
сгенерировать фото по фото	result	сгенерировать фото по фото бесплатно онлайн	3998
сгенерировать фото по фото	result	сгенерировать фото нейросетью бесплатно по фото	3559
сгенерировать фото по фото	result	сгенерировать фото по описанию	3328
сгенерировать фото по фото	result	сгенерировать картинку по фото	2928
сгенерировать фото по фото	result	нейросеть сгенерировать по фото онлайн	2717
сгенерировать фото по фото	result	сгенерировать по фото нейросеть онлайн бесплатно	2559
сгенерировать фото по фото	result	сгенерировать видео по фото	2402
сгенерировать фото по фото	result	сгенерировать порно по фото	2023
сгенерировать фото по фото	result	ии сгенерировать по фото	1965
сгенерировать фото по фото	result	сгенерировать ребенка по фото	1930
сгенерировать фото по фото	result	сгенерировать по фото без регистрации	1910
сгенерировать фото по фото	association	генерация фоток	4159
сгенерировать фото по фото	association	примеры фотографий	25289
сгенерировать фото по фото	association	красивые фотографии примеры	411
сгенерировать фото по фото	association	генерирование картинок	1233
сгенерировать фото по фото	association	оживить фотографию	14762
сгенерировать фото по фото	association	ии для создания фоток	588
генерация фото по фото	result	генерация по фото	24980
генерация фото по фото	result	генерация по фото бесплатно	9495
генерация фото по фото	result	генерация изображений по фото	6527
генерация фото по фото	result	нейросеть для генерации фото по фото	5307
генерация фото по фото	result	ии генерация по фото	4650
генерация фото по фото	result	нейросеть по генерации фото бесплатно	3960
генерация фото по фото	result	генерация видео по фото	3601
генерация фото по фото	result	генерация изображений по фото бесплатно	3421
генерация фото по фото	result	нейросеть для генерации изображений по фото	3202
генерация фото по фото	result	генерация порно по фото	2719
генерация фото по фото	result	генерация фото по описанию	2294
генерация фото по фото	result	генерация фото по тексту	2032
генерация фото по фото	result	ии по генерации фото бесплатно	2001
генерация фото по фото	result	бесплатная нейросеть для генерации изображений по фото	1859
генерация фото по фото	result	генерация видео по фото бесплатно	1613
генерация фото по фото	association	генератор изображений	54060
генерация фото по фото	association	генератор фоток	3179
генерация фото по фото	association	фотогенератор	1134
генерация фото по фото	association	ai photo generator	1085
генерация фото по фото	association	генератор фотографий бесплатно	1068
генерация фото по фото	association	ии генератор фотографий	704
создать фото по фото нейросеть	result	создать по фото нейросеть	5495
создать фото по фото нейросеть	result	создать по фото бесплатно по нейросети	2855
создать фото по фото нейросеть	result	создать фото по нейросети онлайн	1366
создать фото по фото нейросеть	result	создать фото по описанию нейросеть	1161
создать фото по фото нейросеть	result	создать фото нейросетью онлайн бесплатно по фото	992
создать фото по фото нейросеть	result	создать фото с помощью нейросети по фото	991
создать фото по фото нейросеть	result	создать видео по фото нейросеть	798
создать фото по фото нейросеть	result	нейросеть создающая модели по фото	751
создать фото по фото нейросеть	result	создать 3д модель по фото нейросеть	635
создать фото по фото нейросеть	result	нейросеть создать фото по описанию онлайн	570
создать фото по фото нейросеть	result	создать видео по фото нейросеть бесплатно	524
создать фото по фото нейросеть	result	создать нейросеть по фото без регистрации	506
создать фото по фото нейросеть	result	создать фото по описанию нейросеть бесплатно	483
создать фото по фото нейросеть	result	нейросеть создать картинку по фото	379
создать фото по фото нейросеть	result	ии фото нейросеть создать по фото	375
создать фото по фото нейросеть	association	генерация картинок нейросетью	13767
создать фото по фото нейросеть	association	нейронка для создания фото	1894
создать фото по фото нейросеть	association	нейросеть для создания картинок бесплатно	3329
создать фото по фото нейросеть	association	нейросеть для генерации картинок	6638
создать фото по фото нейросеть	association	нейросеть для оживления фотографий	585
создать фото по фото нейросеть	association	создание изображений нейросетью	7600
создать фото по фото нейросеть	association	нейросеть для создания фотографий	1066
нейросеть для фото	result	нейросеть для фото	80235
нейросеть для фото	result	нейросеть для фото бесплатно	29245
нейросеть для фото	result	нейросеть для генерации фото	22408
нейросеть для фото	result	нейросеть для создания фото	13365
нейросеть для фото	result	нейросеть для генерации фото бесплатно	10274
нейросеть для фото	result	бесплатная нейросеть для создания фото	5565
нейросеть для фото	result	нейросеть для обработки фото	4879
нейросеть для фото	result	нейросеть для редактирования фото	4503
нейросеть для фото	result	нейросеть для изображения фото	4194
нейросеть для фото	result	промт для фото нейросети	4183
нейросеть для фото	result	нейросеть для фото онлайн	3330
нейросеть для фото	result	нейросеть для фото без регистрации	3271
нейросеть для фото	result	нейросеть для генерации изображений по фото	3202
нейросеть для фото	result	нейросеть для фото бесплатно без регистрации	3134
нейросеть для фото	result	ии нейросеть для фото	2964
нейросеть для фото	association	депсик нейросеть	4180
нейросеть для фото	association	нейронка для фото	10357
нейросеть для фото	association	нейронка для фотографий	620
нейросеть для фото	association	нейронка для фоток	433
нейросеть для фото	association	нейросеть для фотографий	7836
нейросеть для фото	association	нейросеть картинки	122592
нейросеть для фото	association	нейросеть для фоток	1080
нейросеть для фотографий	result	нейросеть для фотографий	8076
нейросеть для фотографий	result	нейросеть для фотографий бесплатно	2576
нейросеть для фотографий	result	нейросеть для создания фотографий	1154
нейросеть для фотографий	result	нейросеть для обработки фотографий	1045
нейросеть для фотографий	result	нейросеть для генерации фотографий	714
нейросеть для фотографий	result	нейросеть для оживления фотографий	624
нейросеть для фотографий	result	нейросети для фотографий онлайн	456
нейросеть для фотографий	result	нейросетей для фотографий на русском	390
нейросеть для фотографий	result	нейросеть для редактирования фотографий	386
нейросеть для фотографий	result	нейросеть для обработки фотографий бесплатно	379
нейросеть для фотографий	result	нейросеть для фотографий бесплатно на русском	366
нейросеть для фотографий	result	лучшая нейросеть для фотографий	351
нейросеть для фотографий	result	нейросеть для создания фотографий бесплатно	343
нейросеть для фотографий	result	нейросеть для изменения фотографий	324
нейросеть для фотографий	result	нейросети для фотографий онлайн бесплатно	312
нейросеть для фотографий	association	нейронка для фото	10357
нейросеть для фотографий	association	нейронка для создания фото	1894
нейросеть для фотографий	association	нейро фото	6577
нейросеть для фотографий	association	нейронки для фото	10357
нейросеть для фотографий	association	нейроредактор фото	162
нейросеть для фотографий	association	нейронка для фоток	433
нейросеть для фотографий	association	нейронки для создания фото	1894
нейросеть для создания фото	result	нейросеть для создания фото	13365
нейросеть для создания фото	result	бесплатная нейросеть для создания фото	5565
нейросеть для создания фото	result	ии нейросеть для создания фото	1452
нейросеть для создания фото	result	нейросеть для создания видео из фото	1207
нейросеть для создания фото	result	нейросети бесплатные для создания ии фото	709
нейросеть для создания фото	result	нейросеть для создания фото по описанию	701
нейросеть для создания фото	result	бесплатная нейросеть для создания видео из фото	629
нейросеть для создания фото	result	нейросеть для создания фото без регистрации	569
нейросеть для создания фото	result	нейросеть для создания фото без регистрации бесплатно	546
нейросеть для создания фото	result	нейросеть для создания фото онлайн	507
нейросеть для создания фото	result	нейросети для создания моделей по фото	502
нейросеть для создания фото	result	нейросеть для создания фото бесплатно онлайн	469
нейросеть для создания фото	result	бесплатная нейросеть для создания фото по описанию	452
нейросеть для создания фото	result	нейросеть для создания 3д моделей по фото	423
нейросеть для создания фото	result	русская нейросеть для создания фото	346
нейросеть для создания фото	association	генерация картинок нейросетью	13767
нейросеть для создания фото	association	нейросеть для генерации картинок	6638
нейросеть для создания фото	association	нейросеть для оживления фотографий	585
нейросеть для создания фото	association	сгенерировать фотографию в нейросети бесплатно онлайн	269
нейросеть для создания фото	association	нейросеть для фотографий бесплатно	2439
нейросеть для генерации фото	result	нейросеть для генерации фото	22408
нейросеть для генерации фото	result	нейросеть для генерации фото бесплатно	10274
нейросеть для генерации фото	result	нейросеть для генерации изображений по фото	3202
нейросеть для генерации фото	result	бесплатная нейросеть для генерации изображений по фото	1859
нейросеть для генерации фото	result	нейросеть для генерации фото без	1576
нейросеть для генерации фото	result	русские нейросети для генерации фото	1387
нейросеть для генерации фото	result	нейросеть для генерации фото бесплатно на русском	1378
нейросеть для генерации фото	result	нейросеть для генерации фото без регистрации	1299
нейросеть для генерации фото	result	нейросеть для генерации фото бесплатно без регистрации	1253
нейросеть для генерации фото	result	нейросеть для генерации порно фото	1224
нейросеть для генерации фото	result	нейросеть для генерации фото онлайн	939
нейросеть для генерации фото	result	нейросеть для генерации фото в порно видео	899
нейросеть для генерации фото	result	нейросеть для генерации порно фото бесплатно	878
нейросеть для генерации фото	result	нейросеть для генерации видео из фото	862
нейросеть для генерации фото	result	нейросеть для генерации фото онлайн бесплатно	776
нейросеть для генерации фото	association	генератор изображений нейросеть	6213
нейросеть для генерации фото	association	нейронка для генерации изображений	2987
нейросеть для генерации фото	association	нейросеть для оживления фотографий	585
нейросеть для генерации фото	association	сгенерировать фотографию в нейросети бесплатно онлайн	269
нейросеть для генерации фото	association	генератор фотографий нейросеть	605
создать аватарку нейросеть	result	создать аватарку нейросеть	999
создать аватарку нейросеть	result	создать аватарку с помощью нейросети	563
создать аватарку нейросеть	result	аватарки нейросеть создать бесплатно	481
создать аватарку нейросеть	result	нейросеть создающая аватарки по фото	254
создать аватарку нейросеть	result	нейросеть создающая аватарки по фото бесплатно	233
создать аватарку нейросеть	result	создать аватарку онлайн нейросеть	202
создать аватарку нейросеть	result	создать аватарку с помощью нейросети бесплатно	192
создать аватарку нейросеть	result	создать аватарку с помощью нейросети онлайн	182
создать аватарку нейросеть	result	создать аватарку нейросетью онлайн бесплатно	163
создать аватарку нейросеть	result	создать аватарку с помощью нейросети онлайн бесплатно	150
создать аватарку нейросеть	result	создать аватарку без нейросети	84
создать аватарку нейросеть	result	аватарка нейросеть создать бесплатно без регистрации	77
создать аватарку нейросеть	result	создать аватарку нейросеть без регистрации	77
создать аватарку нейросеть	result	создать аватарку через нейросеть	11
создать аватарку нейросеть	association	генерация картинок нейросетью	13767
создать аватарку нейросеть	association	нейросеть для создания картинок бесплатно	3329
создать аватарку нейросеть	association	ии нейросеть для создания фото	1357
создать аватарку нейросеть	association	создание изображений нейросетью	7600
нейросеть сделать аватарку	result	нейросеть сделать аватарку	904
нейросеть сделать аватарку	result	сделать аватарку с помощью нейросети	468
нейросеть сделать аватарку	result	сделать аватарку бесплатно нейросеть	277
нейросеть сделать аватарку	result	сделать аватарку через нейросеть	208
нейросеть сделать аватарку	result	сделать аватарку с помощью нейросети бесплатно	197
нейросеть сделать аватарку	result	сделать аватарку в тг через нейросеть	166
нейросеть сделать аватарку	result	сделать аватарку онлайн нейросеть	82
нейросеть сделать аватарку	result	сделать аватарку нейросетью онлайн бесплатно	77
нейросеть сделать аватарку	result	сделать аватарку по фото нейросеть	67
нейросеть сделать аватарку	result	сделать аватарку онлайн с помощью нейросети	49
нейросеть сделать аватарку	result	сделать аватарку с помощью нейросети бесплатно онлайн	49
нейросеть сделать аватарку	result	сделать аватарку из фото нейросеть онлайн	29
нейросеть сделать аватарку	result	сделать аватарку из фото нейросеть онлайн бесплатно	27
нейросеть сделать аватарку	result	сделать красивую аватарку через нейросеть	14
нейросеть сделать аватарку	result	нейросеть сделать фото для аватарки бесплатно	9
нейросеть сделать аватарку	association	чат жпти нейросеть	4664
нейросеть сделать аватарку	association	генератор изображений нейросеть	6213
нейросеть сделать аватарку	association	генерация картинок нейросетью	13767
нейросеть сделать аватарку	association	джпт чат нейросеть	4015
нейросеть сделать аватарку	association	dola ai нейросеть	1651
нейросеть сделать аватарку	association	джпти чат нейросеть	2215
нейросеть сделать аватарку	association	нейросеть чат	238923
сделать аватарку с помощью нейросети	result	сделать аватарку с помощью нейросети	468
сделать аватарку с помощью нейросети	result	сделать аватарку с помощью нейросети бесплатно	197
сделать аватарку с помощью нейросети	result	сделать аватарку онлайн с помощью нейросети	49
сделать аватарку с помощью нейросети	result	сделать аватарку с помощью нейросети бесплатно онлайн	49
сделать аватарку с помощью нейросети	association	архив с местами улучшенной картинкой нейросети	1712
сделать аватарку с помощью нейросети	association	нейросеть для создания	104407
сделать аватарку с помощью нейросети	association	написать рассказ нейросеть	982
создать аватарку по фото нейросеть	result	нейросеть создающая аватарки по фото	254
создать аватарку по фото нейросеть	result	нейросеть создающая аватарки по фото бесплатно	233
создать аватарку по фото нейросеть	association	генерация картинок нейросетью	13767
создать аватарку по фото нейросеть	association	нейросеть для создания картинок бесплатно	3329
создать аватарку по фото нейросеть	association	нейросеть для оживления фотографий	585
создать аватарку по фото нейросеть	association	сгенерировать фотографию в нейросети бесплатно онлайн	269
создать аватарку по фото нейросеть	association	создание изображений нейросетью	7600
создать аватарку по фото нейросеть	association	нейросеть для создания фотографий	1066
сделать аватарку из фото нейросеть	result	сделать аватарку из фото нейросеть	52
сделать аватарку из фото нейросеть	result	сделать аватарку из фото нейросеть онлайн	29
сделать аватарку из фото нейросеть	result	сделать аватарку из фото нейросеть онлайн бесплатно	27
сделать аватарку из фото нейросеть	association	нейросеть для оживления фотографий	585
сделать аватарку из фото нейросеть	association	создание картинок нейросетью онлайн бесплатно	698
сделать аватарку из фото нейросеть	association	создание изображений нейросетью	7600
сделать аватарку из фото нейросеть	association	нейросеть для фотографий бесплатно	2439
сделать аватарку из фото нейросеть	association	нейросеть для создания фотографий	1066
нейросеть для аватарок	result	нейросеть для аватарок	688
нейросеть для аватарок	result	нейросеть для создания аватарок	236
нейросеть для аватарок	result	нейросеть для аватарок бесплатно	152
нейросеть для аватарок	result	нейросеть фото для аватарки	144
нейросеть для аватарок	result	нейросеть для генерации аватарок	78
нейросеть для аватарок	result	нейросеть для создания аватарок бесплатно	73
нейросеть для аватарок	result	промт для аватарки нейросети	40
нейросеть для аватарок	result	аватарки для каналов нейросеть	25
нейросеть для аватарок	result	нейросеть для генерации аватарок бесплатно	20
нейросеть для аватарок	result	идеи для аватарок нейросеть	18
нейросеть для аватарок	result	аватарки для ютуба нейросеть	14
нейросеть для аватарок	result	нейросеть для создания аватарки бесплатно без регистрации	14
нейросеть для аватарок	result	нейросети для аватарок онлайн	13
нейросеть для аватарок	result	нейросеть для создания аватарки из фото	11
нейросеть для аватарок	result	нейросеть сделать фото для аватарки бесплатно	9
нейросеть для аватарок	association	нейросеть фото	481711
нейросеть для аватарок	association	депсик нейросеть	4180
нейросеть для аватарок	association	kimi нейросеть	16301
нейросеть для аватарок	association	аватарки для кс2	2478
нейросеть для аватарок	association	авалава нейросеть	329
нейросеть фото для аватарки	result	нейросеть фото для аватарки	144
нейросеть фото для аватарки	result	нейросеть для создания аватарки из фото	11
нейросеть фото для аватарки	result	нейросеть сделать фото для аватарки бесплатно	9
нейросеть фото для аватарки	association	фотки на аву	42200
нейросеть фото для аватарки	association	фотки девушек на аву	2302
нейросеть фото для аватарки	association	фотка на аву для девушек	484
нейросеть фото для аватарки	association	смешные фотки на аву	1089
нейросеть фото для аватарки	association	скачать фотку на аву	290
нейросеть фото для аватарки	association	фотографии на аву	2622
фото на аву нейросеть	result	нейросеть фото на аву	34
фото на аву нейросеть	association	фото девушки на аватарку	8097
фото на аву нейросеть	association	нейронка для фото	10357
фото на аву нейросеть	association	фото на аватарку	65194
фото на аву нейросеть	association	нейронка для фотографий	620
фото на аву нейросеть	association	нейронка для фоток	433
фото на аву нейросеть	association	фотографии на аватарку	4903
фото на аву нейросеть	association	фотки на аватарку в макс	728
фото на аватарку нейросеть	result	фото на аватарку нейросеть	68
фото на аватарку нейросеть	association	фотки на аву	42200
фото на аватарку нейросеть	association	нейронка для фоток	433
фото на аватарку нейросеть	association	фотка на аву для девушек	484
фото на аватарку нейросеть	association	смешные фотки на аву	1089
фото на аватарку нейросеть	association	скачать фотку на аву	290
фото на аватарку нейросеть	association	фотографии на аву	2622
фото на аватарку нейросеть	association	страшные фотки на аву	78
аватарка с помощью нейросети	result	аватарка с помощью нейросети	1070
аватарка с помощью нейросети	result	создать аватарку с помощью нейросети	563
аватарка с помощью нейросети	result	сделать аватарку с помощью нейросети	468
аватарка с помощью нейросети	result	аватарка с помощью нейросети бесплатно	397
аватарка с помощью нейросети	result	аватарка с помощью нейросети онлайн	235
аватарка с помощью нейросети	result	аватарка с помощью нейросети онлайн бесплатно	202
аватарка с помощью нейросети	result	сделать аватарку с помощью нейросети бесплатно	197
аватарка с помощью нейросети	result	создать аватарку с помощью нейросети бесплатно	192
аватарка с помощью нейросети	result	создать аватарку с помощью нейросети онлайн	182
аватарка с помощью нейросети	result	создать аватарку с помощью нейросети онлайн бесплатно	150
аватарка с помощью нейросети	result	аватарки с помощью нейросети по фото	53
аватарка с помощью нейросети	result	сделать аватарку онлайн с помощью нейросети	49
аватарка с помощью нейросети	result	сделать аватарку с помощью нейросети бесплатно онлайн	49
аватарка с помощью нейросети	result	создание аватарок с помощью нейросетей	8
аватарка с помощью нейросети	association	гига чат нейросеть	141333
аватарка с помощью нейросети	association	чат жпти нейросеть	4664
аватарка с помощью нейросети	association	suno нейросеть	13176
аватарка с помощью нейросети	association	klap нейросеть	4133
аватарка с помощью нейросети	association	джпт чат нейросеть	4015
аватарка с помощью нейросети	association	учион нейросеть	2066
аватарка с помощью нейросети	association	dola ai нейросеть	1651
аватарка для вк нейросеть	result	аватарки для вк мужские нейросеть	6
аватарка для вк нейросеть	association	фото парня на аву	5444
аватарка для вк нейросеть	association	парни из камня vk	443
аватарка для вк нейросеть	association	знакомства для слабослышащих вконтакте	200
аватарка для вк нейросеть	association	картинки на аву для мужчин	1191
аватарка для вк нейросеть	association	интернет любовь парные авы во вконтакте	285
аватарка для вк нейросеть	association	фото на аву для парней	910
аватарка для вк нейросеть	association	фото на аву для мужчин со смыслом	117
аватарка в макс	result	аватарки в макс	62724
аватарка в макс	result	фото на аватарку в макс	7295
аватарка в макс	result	как поменять аватарку в максе	4881
аватарка в макс	result	как поставить аватарку в максе	4181
аватарка в макс	result	аватарки в макс для девочек	3248
аватарка в макс	result	как удалить аватарку в максе	2483
аватарка в макс	result	как сделать аватарку в максе	2193
аватарка в макс	result	аватарка в максе заблокирован	1886
аватарка в макс	result	аватарка в макс для женщины	1810
аватарка в макс	result	картинки на аватарку в макс	1603
аватарка в макс	result	как в макс поставить фото на аватарку	1304
аватарка в макс	result	как установить аватарку в максе	1226
аватарка в макс	result	красивые аватарки в макс	1209
аватарка в макс	result	аватарка на телефон в макс	1183
аватарка в макс	result	как поменять фото на аватарке в максе	1147
аватарка в макс	association	как скрыть аву в максе	232
аватарка в макс	association	ava max клипы	402
аватарка в макс	association	аватар для мах	191
аватарка в макс	association	авы в максе	19200
аватарка в макс	association	фото на аву в максе	2097
аватарка в макс	association	аватар вк	7855
аватарки для макса	result	аватарки для макса	19247
аватарки для макса	result	аватарки в макс для девочек	3248
аватарки для макса	result	аватарка в макс для женщины	1810
аватарки для макса	result	аватарка в макс для мужчины	1028
аватарки для макса	result	аватарки в макс для мальчиков	1010
аватарки для макса	result	фото для аватарки в макс	875
аватарки для макса	result	красивые аватарки для макса	716
аватарки для макса	result	крутые аватарки для макса	670
аватарки для макса	result	картинки для аватарки в макс	643
аватарки для макса	result	аватарка для макса пинтерест	520
аватарки для макса	result	прикольные аватарки для макса	512
аватарки для макса	result	аватарки в макс для девочек пинтерест	463
аватарки для макса	result	аватарка для макса мессенджера	450
аватарки для макса	result	аватарки для группы в макс	401
аватарки для макса	result	аватарка отпуск для макс	378
аватарки для макса	association	как скрыть аву в максе	232
аватарки для макса	association	ava max клипы	402
аватарки для макса	association	аватар для мах	191
аватарки для макса	association	авы в максе	19200
аватарки для макса	association	фото на аву в максе	2097
аватарки для макса	association	аватар вк	7855
фото на аватарку в макс	result	фото на аватарку в макс	7295
фото на аватарку в макс	result	как в макс поставить фото на аватарку	1304
фото на аватарку в макс	result	как поменять фото на аватарке в максе	1147
фото на аватарку в макс	result	как добавить фото в макс на аватарку	823
фото на аватарку в макс	result	как в максе установить фото на аватарку	583
фото на аватарку в макс	result	как загрузить фото на аватарку в макс	437
фото на аватарку в макс	result	как удалить фото в максе на аватарке	310
фото на аватарку в макс	result	как в максе сделать фото на аватарку	194
фото на аватарку в макс	result	как сменить фото на аватарке в максе	108
фото на аватарку в макс	result	фото на аватарку в макс для девочек	91
фото на аватарку в макс	result	как заменить фото на аватарке в максе	60
фото на аватарку в макс	result	как изменить фото на аватарке в максе	47
фото на аватарку в макс	result	красивые фото на аватарку в макс	45
фото на аватарку в макс	result	фото на аватарку в макс для мужчин	41
фото на аватарку в макс	result	как вставить фото на аватарку в максе	41
фото на аватарку в макс	association	фотки на аву	42200
фото на аватарку в макс	association	фотки на аву для пацанов	1470
фото на аватарку в макс	association	картинки на аву вк	745
фото на аватарку в макс	association	фотки на аву в тг для пацанов	98
фото на аватарку в макс	association	фотографии на аву	2622
фото на аватарку в макс	association	скачать фотку на аву	290
фото на аватарку в макс	association	фотки на аву в тг	1081
фото на аву в макс	result	фото на аву в макс	2209
фото на аву в макс	result	фото на аву в макс для девочек	275
фото на аву в макс	result	фото пинтерест на аву в макс	131
фото на аву в макс	result	смешные фото на аву в макс	82
фото на аву в макс	result	фото на аву в макс для пацанов	72
фото на аву в макс	result	крутые фото на аву в макс	71
фото на аву в макс	result	как поставить фото на аву в максе	69
фото на аву в макс	result	фото на аву в макс эстетика	69
фото на аву в макс	result	эстетик фото на аву в макс	69
фото на аву в макс	result	фото на аву в макс для мальчиков	65
фото на аву в макс	result	красивые фото на аву в макс	62
фото на аву в макс	result	фото на аву в макс для мужчин	56
фото на аву в макс	result	фото на аву в макс для женщин	52
фото на аву в макс	result	фото на аву для девушек в макс	41
фото на аву в макс	result	эстетичные фото на аву в макс	37
фото на аву в макс	association	ava max	17183
фото на аву в макс	association	эйва макс	4742
фото на аву в макс	association	фотки на аву	42200
фото на аву в макс	association	максим матвеев фото	2384
фото на аву в макс	association	аватарка для мах	1211
фото на аву в макс	association	фотки на аватарку в макс	728
фото на аву в макс	association	аватарки для max	466
сделать аватарку в максе	result	как сделать аватарку в максе	2193
сделать аватарку в максе	result	как в максе сделать аватарку животного	233
сделать аватарку в максе	result	как в максе сделать фото на аватарку	194
сделать аватарку в максе	result	как сделать аватарку в максе из галереи	120
сделать аватарку в максе	result	как в максе сделать другую аватарку	67
сделать аватарку в максе	result	как в макс сделать несколько аватарок	58
сделать аватарку в максе	result	как сделать ии аватарку в максе	42
сделать аватарку в максе	result	как сделать видео аватарку в максе	27
сделать аватарку в максе	result	какую аватарку можно сделать в максе	21
сделать аватарку в максе	result	как сделать живую аватарку в макс	18
сделать аватарку в максе	result	как сделать новую аватарку в максе	16
сделать аватарку в максе	result	как сделать аватарку в максе большую	14
сделать аватарку в максе	result	как сделать чтобы аватарка в максе двигалась	9
сделать аватарку в максе	result	как сделать анимированную аватарку в макс	9
сделать аватарку в максе	result	как в максе сделать рамку аватарки	7
сделать аватарку в максе	association	азула аватар	2356
сделать аватарку в максе	association	как создать канал в макс	11608
сделать аватарку в максе	association	картинки на аву для пацанов	674
сделать аватарку в максе	association	создать аву	1972
сделать аватарку в максе	association	изуми аватар	169
сделать аватарку в максе	association	крутые авы для пацанов в макс	261
сделать аватарку в максе	association	создание аватара	3495
как сделать аватарку в максе	result	как сделать аватарку в максе	2193
как сделать аватарку в максе	result	как в максе сделать аватарку животного	233
как сделать аватарку в максе	result	как в максе сделать фото на аватарку	194
как сделать аватарку в максе	result	как сделать аватарку в максе из галереи	120
как сделать аватарку в максе	result	как в максе сделать другую аватарку	67
как сделать аватарку в максе	result	как в макс сделать несколько аватарок	58
как сделать аватарку в максе	result	как сделать ии аватарку в максе	42
как сделать аватарку в максе	result	как сделать видео аватарку в максе	27
как сделать аватарку в максе	result	как сделать живую аватарку в макс	18
как сделать аватарку в максе	result	как сделать новую аватарку в максе	16
как сделать аватарку в максе	result	как сделать аватарку в максе большую	14
как сделать аватарку в максе	result	как сделать чтобы аватарка в максе двигалась	9
как сделать аватарку в максе	result	как сделать анимированную аватарку в макс	9
как сделать аватарку в максе	result	как в максе сделать рамку аватарки	7
как сделать аватарку в максе	association	азула аватар	2356
как сделать аватарку в максе	association	как создать канал в макс	11608
как сделать аватарку в максе	association	картинки на аву для пацанов	674
как сделать аватарку в максе	association	создать аву	1972
как сделать аватарку в максе	association	изуми аватар	169
как сделать аватарку в максе	association	крутые авы для пацанов в макс	261
как сделать аватарку в максе	association	создание аватара	3495
красивые аватарки для макса	result	красивые аватарки для макса	716
красивые аватарки для макса	result	красивые аватарки для девочек в макс	194
красивые аватарки для макса	result	красивая аватарка для женщины в макс	82
красивые аватарки для макса	result	красивые картинки для аватарки в макс	69
красивые аватарки для макса	result	красивые аватарки для девушек на макс	47
красивые аватарки для макса	result	красивые аватарки в макс для мальчиков	39
красивые аватарки для макса	result	красивые фотки для аватарки в максе	27
красивые аватарки для макса	result	красивые фото для аватарки в максе	15
красивые аватарки для макса	result	аватарки в макс для девочек красивые картинки	12
красивые аватарки для макса	association	эстетичные фото на аву	1602
красивые аватарки для макса	association	крутые фотки на аву	1822
красивые аватарки для макса	association	картинки на аву для пацанов	674
красивые аватарки для макса	association	авы для мах	914
красивые аватарки для макса	association	эстетичные фотки на аву	640
красивые аватарки для макса	association	как поменять аватар в максе	256
красивые аватарки для макса	association	авы для max	287
аватарка для max	result	аватарки для max	518
аватарка для max	result	аватарки для max для девочек	46
аватарка для max	result	фото для аватарки max	31
аватарка для max	result	аватарки для max для мальчиков	30
аватарка для max	result	красивые аватарки для max	25
аватарка для max	result	крутая аватарка для max	25
аватарка для max	result	картинки для аватарки в max	22
аватарка для max	result	аватарка для мессенджера max	22
аватарка для max	result	идеи для аватарки в max	16
аватарка для max	result	аватарки для приложения max	16
аватарка для max	result	прикольная аватарка для max	14
аватарка для max	result	старые стандартные аватарки для менеджера max	9
аватарка для max	result	аватарка в max для девочки с акурой	5
аватарка для max	association	фото на аву в макс	2097
аватарка для max	association	ава макс	33910
аватарка для max	association	ава в макс для пацанов	965
аватарка для max	association	аватар для макс	1655
аватарка для max	association	картинки на аву в макс	555
аватарка для max	association	аватар для мах	191
аватарка для max	association	фотки на аву в макс	654
фото профиля нейросеть	result	нейросеть фото профиль	115
фото профиля нейросеть	result	сделать фото в профиль нейросеть	14
фото профиля нейросеть	result	создать фото нейросеть бесплатно онлайн для профиля	10
фото профиля нейросеть	result	нейросеть фото в профиль семьи	10
фото профиля нейросеть	association	нейросеть для оживления фотографий	585
фото профиля нейросеть	association	сгенерировать фотографию в нейросети бесплатно онлайн	269
фото профиля нейросеть	association	нейросеть для фотографий бесплатно	2439
фото профиля нейросеть	association	генератор фотографий нейросеть	605
фото профиля нейросеть	association	нейросеть для создания фотографий	1066
фото профиля нейросеть	association	нейросеть для генерации фотографий	652
фото для профиля нейросеть	result	нейросеть для фото профиля	56
фото для профиля нейросеть	result	создать фото нейросеть бесплатно онлайн для профиля	10
фото для профиля нейросеть	association	нейросеть для оживления фотографий	585
фото для профиля нейросеть	association	сгенерировать фотографию в нейросети бесплатно онлайн	269
фото для профиля нейросеть	association	нейросеть для фотографий бесплатно	2439
фото для профиля нейросеть	association	генератор фотографий нейросеть	605
фото для профиля нейросеть	association	нейросеть для создания фотографий	1066
фото для профиля нейросеть	association	нейросеть для генерации фотографий	652
фото для соцсетей нейросеть	result	фото для соцсетей нейросеть	32
фото для соцсетей нейросеть	association	нейросеть для оживления фотографий	585
фото для соцсетей нейросеть	association	нейросеть для фотографий бесплатно	2439
фото для соцсетей нейросеть	association	нейросеть для изображений	88042
фото для соцсетей нейросеть	association	нейросеть для создания фотографий	1066
фото для соцсетей нейросеть	association	фоторум нейросеть	115
портрет по фото нейросеть	result	нейросеть портрет по фото	879
портрет по фото нейросеть	result	нейросеть портрет по фото бесплатно	524
портрет по фото нейросеть	result	портрет по фото с помощью нейросети	313
портрет по фото нейросеть	result	портрет по фото нейросети онлайн	310
портрет по фото нейросеть	result	нейросеть портрет по фото онлайн бесплатно	291
портрет по фото нейросеть	result	нейросеть создающая портрет по фото	161
портрет по фото нейросеть	result	нейросеть нарисует портрет по фото	123
портрет по фото нейросеть	result	создать портрет по фото с помощью нейросети	118
портрет по фото нейросеть	result	нарисовать портрет по фото с помощью нейросети	79
портрет по фото нейросеть	result	нарисовать портрет по фото нейросетью бесплатно	73
портрет по фото нейросеть	result	нейросеть создать портрет по фото бесплатно	73
портрет по фото нейросеть	result	сгенерировать портрет нейросеть по фото	58
портрет по фото нейросеть	result	сделать портрет по фото нейросетью	56
портрет по фото нейросеть	result	портрет маслом через нейросеть по фото бесплатно	54
портрет по фото нейросеть	result	сгенерировать портрет по фото нейросеть онлайн	50
портрет по фото нейросеть	association	нейронка для создания фото	1894
портрет по фото нейросеть	association	нейросеть для оживления фотографий	585
портрет по фото нейросеть	association	генератор фотографий нейросеть	605
портрет по фото нейросеть	association	нейросеть для создания фотографий	1066
портрет по фото нейросеть	association	фоторум нейросеть	115
нейросеть портрет по фото	result	нейросеть портрет по фото	879
нейросеть портрет по фото	result	нейросеть портрет по фото бесплатно	524
нейросеть портрет по фото	result	портрет по фото с помощью нейросети	313
нейросеть портрет по фото	result	портрет по фото нейросети онлайн	310
нейросеть портрет по фото	result	нейросеть портрет по фото онлайн бесплатно	291
нейросеть портрет по фото	result	нейросеть создающая портрет по фото	161
нейросеть портрет по фото	result	нейросеть нарисует портрет по фото	123
нейросеть портрет по фото	result	создать портрет по фото с помощью нейросети	118
нейросеть портрет по фото	result	нарисовать портрет по фото с помощью нейросети	79
нейросеть портрет по фото	result	нарисовать портрет по фото нейросетью бесплатно	73
нейросеть портрет по фото	result	нейросеть создать портрет по фото бесплатно	73
нейросеть портрет по фото	result	сгенерировать портрет нейросеть по фото	58
нейросеть портрет по фото	result	сделать портрет по фото нейросетью	56
нейросеть портрет по фото	result	портрет маслом через нейросеть по фото бесплатно	54
нейросеть портрет по фото	result	сгенерировать портрет по фото нейросеть онлайн	50
нейросеть портрет по фото	association	нейронка для создания фото	1894
нейросеть портрет по фото	association	нейросеть для оживления фотографий	585
нейросеть портрет по фото	association	генератор фотографий нейросеть	605
нейросеть портрет по фото	association	нейросеть для создания фотографий	1066
нейросеть портрет по фото	association	фоторум нейросеть	115
создать портрет по фото нейросеть	result	нейросеть создающая портрет по фото	161
создать портрет по фото нейросеть	result	создать портрет по фото с помощью нейросети	118
создать портрет по фото нейросеть	result	нейросеть создать портрет по фото бесплатно	73
создать портрет по фото нейросеть	result	нейросеть портреты по фото онлайн создать	20
создать портрет по фото нейросеть	association	генерация картинок нейросетью	13767
создать портрет по фото нейросеть	association	нейросеть для создания картинок бесплатно	3329
создать портрет по фото нейросеть	association	нейросеть для генерации картинок	6638
создать портрет по фото нейросеть	association	нейросеть для оживления фотографий	585
создать портрет по фото нейросеть	association	нейросеть для создания фотографий	1066
портрет с помощью нейросети	result	портреты с помощью нейросетей	598
портрет с помощью нейросети	result	портрет по фото с помощью нейросети	313
портрет с помощью нейросети	result	портрет с помощью нейросети бесплатно	272
портрет с помощью нейросети	result	создать портрет с помощью нейросети	173
портрет с помощью нейросети	result	нарисовать портрет с помощью нейросети	129
портрет с помощью нейросети	result	портрет с помощью нейросети онлайн	128
портрет с помощью нейросети	result	портрет с помощью нейросети онлайн бесплатно	126
портрет с помощью нейросети	result	создать портрет по фото с помощью нейросети	118
портрет с помощью нейросети	result	нарисовать портрет по фото с помощью нейросети	79
портрет с помощью нейросети	result	сделать портрет с помощью нейросети	58
портрет с помощью нейросети	result	сделать фото портрет с помощью нейросети	25
портрет с помощью нейросети	result	как создать портрет с помощью нейросети бесплатно	23
портрет с помощью нейросети	result	портрет поколений с помощью нейросети	17
портрет с помощью нейросети	result	оживить портрет с помощью нейросетей	6
портрет с помощью нейросети	result	ожившие портреты знаменитостей с помощью нейросетей	5
портрет с помощью нейросети	association	нейросфера нейросеть бесплатно	1272
портрет с помощью нейросети	association	прохожу верити со своей тупой нейросетью	796
портрет с помощью нейросети	association	study ai нейросеть	1814
портрет с помощью нейросети	association	айдентика ком нейросеть	769
портрет с помощью нейросети	association	курсы по ии и нейросетям	1875
портрет с помощью нейросети	association	курсы по нейросетям	9291
портрет с помощью нейросети	association	синтаксис нейросеть	502
генератор портретов нейросеть	result	нейросеть генератор портретов	35
генератор портретов нейросеть	result	генератор художественного портрета нейросеть	13
генератор портретов нейросеть	result	генератор портретов нейросеть по фото бесплатно	7
генератор портретов нейросеть	association	нейронка для генерации изображений	2987
генератор портретов нейросеть	association	акулы нейронных сетей генерация изображений	397
генератор портретов нейросеть	association	нейронки для генерации изображений	2987
генератор портретов нейросеть	association	акулы нейронных сетей генерация изображений по тексту	107
генератор портретов нейросеть	association	лучшие нейронки для генерации изображений	287
генератор портретов нейросеть	association	нейронка которая генерирует картинки	181
генератор портретов нейросеть	association	лучшая нейронка для генерации изображений	287
нейросеть для портретов	result	нейросети для портретов	376
нейросеть для портретов	result	нейросеть для фото портрета	105
нейросеть для портретов	result	промты для нейросети портреты	100
нейросеть для портретов	result	нейросеть для создания портрета	85
нейросеть для портретов	result	нейросети для генерации портретов	60
нейросеть для портретов	result	нейросеть для портретов бесплатно	55
нейросеть для портретов	result	описание портрета для нейросети	36
нейросеть для портретов	result	промпты для нейросети для портретов	30
нейросеть для портретов	result	нейросеть для семейного портрета	28
нейросеть для портретов	result	нейросеть для генерации фото портрета	27
нейросеть для портретов	result	лучшие нейросети для портрета	26
нейросеть для портретов	result	нейросеть для портрета поколений	22
нейросеть для портретов	result	промт для фото нейросети портрет	18
нейросеть для портретов	result	стили портрета для нейросети	18
нейросеть для портретов	result	бесплатная нейросеть для создания портрета	17
нейросеть для портретов	association	deepseek нейросеть	25119
нейросеть для портретов	association	гига чат нейросеть	141333
нейросеть для портретов	association	чат жпти нейросеть	4664
нейросеть для портретов	association	джипити нейросеть	37795
нейросеть для портретов	association	депсик нейросеть	4180
профессиональное фото нейросеть	result	профессиональное фото нейросеть	211
профессиональное фото нейросеть	result	сделать профессиональное фото нейросеть	18
профессиональное фото нейросеть	result	улучшить фото онлайн бесплатно профессионально нейросеть	14
профессиональное фото нейросеть	result	нейросеть для профессиональной обработки фото	14
профессиональное фото нейросеть	result	обработать фото онлайн бесплатно профессионально нейросетью	10
профессиональное фото нейросеть	association	нейросфер про бесплатно фото	2133
профессиональное фото нейросеть	association	сгенерировать картинку бесплатно без регистрации нейросетью онлайн	926
профессиональное фото нейросеть	association	создать картинку по описанию с помощью нейросети	721
профессиональное фото нейросеть	association	как сгенерировать картинку с помощью нейросети	464
профессиональное фото нейросеть	association	фото в профиль это как	785
сделать профессиональное фото нейросеть	result	сделать профессиональное фото нейросеть	18
сделать профессиональное фото нейросеть	association	фотография на которой меня нет	40127
сделать профессиональное фото нейросеть	association	фотография на которой меня нет читать	5296
сделать профессиональное фото нейросеть	association	фотографии наса	24727
сделать профессиональное фото нейросеть	association	как называется фотоаппарат который сразу печатает фотографии	515
сделать профессиональное фото нейросеть	association	фотостудия без фотографа	6884
сделать профессиональное фото нейросеть	association	фотография на которой меня нет жанр	1180
деловое фото нейросеть	result	нейросеть деловое фото	122
деловое фото нейросеть	result	сделать деловые фото нейросеть	77
деловое фото нейросеть	result	сделать деловое фото нейросеть бесплатно	66
деловое фото нейросеть	result	нейросеть фото деловой стиль	62
деловое фото нейросеть	result	сделать фото в деловом стиле нейросеть	49
деловое фото нейросеть	result	сделать фото в деловом стиле нейросеть бесплатно	43
деловое фото нейросеть	association	depseek нейросеть	506
деловое фото нейросеть	association	нейросеть для оживления фотографий	585
деловое фото нейросеть	association	генератор фотографий нейросеть	605
деловое фото нейросеть	association	ии фотосессия нейросеть	759
деловое фото нейросеть	association	нейросеть для создания фотографий	1066
деловой портрет нейросеть	result	деловые портреты через нейросети	13
деловой портрет нейросеть	association	перплексити нейросеть	9657
деловой портрет нейросеть	association	создать картинку с помощью нейросети онлайн	6262
деловой портрет нейросеть	association	сделать презентацию с помощью нейросети бесплатно	5183
деловой портрет нейросеть	association	нейросфера нейросеть бесплатно	1272
деловой портрет нейросеть	association	прохожу верити со своей тупой нейросетью	796
деловой портрет нейросеть	association	stable diffusion нейросеть	2293
фото для резюме нейросеть	result	нейросеть для фото резюме	63
фото для резюме нейросеть	result	фото для резюме нейросеть онлайн	17
фото для резюме нейросеть	result	фото для резюме нейросеть бесплатно	10
фото для резюме нейросеть	association	генерация картинок нейросетью	13767
фото для резюме нейросеть	association	нейросеть для генерации картинок	6638
фото для резюме нейросеть	association	нейросеть для оживления фотографий	585
фото для резюме нейросеть	association	нейросеть для фотографий бесплатно	2439
фото для резюме нейросеть	association	нейросеть для создания фотографий	1066
фото для резюме нейросеть	association	нейросеть для генерации фотографий	652
фото для работы нейросеть	result	нейросеть для работы с фото	703
фото для работы нейросеть	result	нейросеть для работы с фото бесплатно	231
фото для работы нейросеть	result	лучшая нейросеть для работы с фото	54
фото для работы нейросеть	result	нейросеть для работы с фото и видео	36
фото для работы нейросеть	result	нейросеть для работы с фото онлайн	25
фото для работы нейросеть	result	нейросеть для работы с фото бесплатно онлайн	20
фото для работы нейросеть	result	топ нейросетей для работы с фото	16
фото для работы нейросеть	result	лучшие бесплатные нейросети для работы с фото	7
фото для работы нейросеть	association	нейросеть для оживления фотографий	585
фото для работы нейросеть	association	нейросеть для фотографий бесплатно	2439
фото для работы нейросеть	association	генератор фотографий нейросеть	605
фото для работы нейросеть	association	нейросеть для создания фотографий	1066
фото для работы нейросеть	association	нейросеть для генерации фотографий	652
фото для работы нейросеть	association	нейросеть для обработки фотографий	967
фото для работы нейросеть	association	нейросеть для редактирования фотографий	348
фото в деловом стиле нейросеть	result	нейросеть фото в деловом стиле	53
фото в деловом стиле нейросеть	result	сделать фото в деловом стиле нейросеть	49
фото в деловом стиле нейросеть	result	сделать фото в деловом стиле нейросеть бесплатно	43
фото в деловом стиле нейросеть	association	нейросеть для оживления фотографий	585
фото в деловом стиле нейросеть	association	как сгенерировать картинку с помощью нейросети	464
фото в деловом стиле нейросеть	association	сгенерировать фотографию в нейросети бесплатно онлайн	269
фото в деловом стиле нейросеть	association	создать картинку с помощью нейросети	8094
фото в костюме нейросеть	result	нейросеть фото в костюме	80
фото в костюме нейросеть	result	нейросеть сделать фото в костюме	11
фото в костюме нейросеть	association	нейронка для фото	10357
фото в костюме нейросеть	association	нейронка для создания фото	1894
фото в костюме нейросеть	association	нейро фото	6577
фото в костюме нейросеть	association	генератор фотографий нейросеть	605
фото в костюме нейросеть	association	нейросеть для создания фотографий	1066
фото в костюме нейросеть	association	нейросеть для фотографий	7836
нейросеть фото в костюме	result	нейросеть фото в костюме	80
нейросеть фото в костюме	result	нейросеть сделать фото в костюме	11
нейросеть фото в костюме	association	нейронка для фото	10357
нейросеть фото в костюме	association	нейронка для создания фото	1894
нейросеть фото в костюме	association	нейро фото	6577
нейросеть фото в костюме	association	генератор фотографий нейросеть	605
нейросеть фото в костюме	association	нейросеть для создания фотографий	1066
нейросеть фото в костюме	association	нейросеть для фотографий	7836
студийное фото нейросеть	result	нейросеть студийные фото	348
студийное фото нейросеть	result	студийные фото нейросеть бесплатно	165
студийное фото нейросеть	result	сделать студийные фото нейросеть	125
студийное фото нейросеть	result	студийное фото с помощью нейросети	119
студийное фото нейросеть	result	студийное фото через нейросеть	82
студийное фото нейросеть	result	нейросеть сделать фото студийным бесплатно	82
студийное фото нейросеть	result	сделать студийное фото через нейросеть	77
студийное фото нейросеть	result	сделать студийное фото через нейросеть бесплатно	71
студийное фото нейросеть	result	студийное фото с помощью нейросети бесплатно	60
студийное фото нейросеть	result	нейросеть создать студийное фото	58
студийное фото нейросеть	result	создать студийное фото с помощью нейросети	55
студийное фото нейросеть	result	студийное фото с помощью нейросети бесплатно создать	49
студийное фото нейросеть	result	нейросеть для создания студийных фото	32
студийное фото нейросеть	result	как сделать студийное фото с помощью нейросети	23
студийное фото нейросеть	result	нейросети для создания фото студийных бесплатно	14
студийное фото нейросеть	association	нейронка для создания фото	1894
студийное фото нейросеть	association	нейросеть для оживления фотографий	585
студийное фото нейросеть	association	искусственный интеллект для создания фото	537
студийное фото нейросеть	association	генератор фотографий нейросеть	605
студийное фото нейросеть	association	ии фотосессия нейросеть	759
студийное фото нейросеть	association	нейросеть для создания фотографий	1066
нейросеть студийные фото	result	нейросеть студийные фото	348
нейросеть студийные фото	result	студийные фото нейросеть бесплатно	165
нейросеть студийные фото	result	сделать студийные фото нейросеть	125
нейросеть студийные фото	result	студийное фото с помощью нейросети	119
нейросеть студийные фото	result	студийное фото через нейросеть	82
нейросеть студийные фото	result	нейросеть сделать фото студийным бесплатно	82
нейросеть студийные фото	result	сделать студийное фото через нейросеть	77
нейросеть студийные фото	result	сделать студийное фото через нейросеть бесплатно	71
нейросеть студийные фото	result	студийное фото с помощью нейросети бесплатно	60
нейросеть студийные фото	result	нейросеть создать студийное фото	58
нейросеть студийные фото	result	создать студийное фото с помощью нейросети	55
нейросеть студийные фото	result	студийное фото с помощью нейросети бесплатно создать	49
нейросеть студийные фото	result	нейросеть для создания студийных фото	32
нейросеть студийные фото	result	как сделать студийное фото с помощью нейросети	23
нейросеть студийные фото	result	нейросети для создания фото студийных бесплатно	14
нейросеть студийные фото	association	нейронка для создания фото	1894
нейросеть студийные фото	association	нейросеть для оживления фотографий	585
нейросеть студийные фото	association	искусственный интеллект для создания фото	537
нейросеть студийные фото	association	генератор фотографий нейросеть	605
нейросеть студийные фото	association	ии фотосессия нейросеть	759
нейросеть студийные фото	association	нейросеть для создания фотографий	1066
сделать студийное фото нейросеть	result	сделать студийные фото нейросеть	125
сделать студийное фото нейросеть	result	нейросеть сделать фото студийным бесплатно	82
сделать студийное фото нейросеть	result	сделать студийное фото через нейросеть	77
сделать студийное фото нейросеть	result	сделать студийное фото через нейросеть бесплатно	71
сделать студийное фото нейросеть	result	как сделать студийное фото с помощью нейросети	23
сделать студийное фото нейросеть	result	сделать студийное групповое фото через нейросеть бесплатно	5
сделать студийное фото нейросеть	association	нейросеть для генерации картинок	6638
сделать студийное фото нейросеть	association	нейросеть для оживления фотографий	585
сделать студийное фото нейросеть	association	создать фотосессию с помощью нейросети бесплатно	271
сделать студийное фото нейросеть	association	создание изображений нейросетью	7600
сделать студийное фото нейросеть	association	нейросеть для создания фотографий	1066
фото в студии нейросеть	result	нейросети фото в студии	48
фото в студии нейросеть	association	нейросеть для генерации картинок	6638
фото в студии нейросеть	association	нейросеть для оживления фотографий	585
фото в студии нейросеть	association	нейросеть для фотографий бесплатно	2439
фото в студии нейросеть	association	нейросеть для создания фотографий	1066
фото в студии нейросеть	association	нейросеть фотосессия по фотографии бесплатно	194
сделать красивое фото нейросеть	result	сделать красивое фото нейросеть	1425
сделать красивое фото нейросеть	result	сделать красивое фото нейросеть бесплатно	870
сделать красивое фото нейросеть	result	сделать красивое фото с помощью нейросети	361
сделать красивое фото нейросеть	result	сделать красивое фото с помощью нейросети бесплатно	230
сделать красивое фото нейросеть	result	как сделать красивое фото через нейросеть	171
сделать красивое фото нейросеть	result	сделать красивое фото онлайн нейросеть	168
сделать красивое фото нейросеть	result	сделать красивое фото нейросеть бесплатно онлайн	166
сделать красивое фото нейросеть	result	как сделать красивое фото через нейросеть бесплатно	117
сделать красивое фото нейросеть	association	создать картинку по описанию с помощью нейросети	721
сделать красивое фото нейросеть	association	как сгенерировать картинку с помощью нейросети	464
сделать красивое фото нейросеть	association	ии делать фото	9746
сделать красивое фото нейросеть	association	создать картинку с помощью нейросети	8094
красивое фото через нейросеть	result	красивое фото через нейросеть	336
красивое фото через нейросеть	result	красивые фото через нейросеть бесплатно	208
красивое фото через нейросеть	result	как сделать красивое фото через нейросеть	171
красивое фото через нейросеть	result	как сделать красивое фото через нейросеть бесплатно	117
красивое фото через нейросеть	association	нейросеть для генерации картинок	6638
красивое фото через нейросеть	association	нейросеть для оживления фотографий	585
красивое фото через нейросеть	association	как сгенерировать картинку с помощью нейросети	464
красивое фото через нейросеть	association	сгенерировать фотографию в нейросети бесплатно онлайн	269
красивое фото через нейросеть	association	нейросеть для фотографий бесплатно	2439
улучшить фото нейросеть	result	улучшить фото нейросеть	11686
улучшить фото нейросеть	result	улучшить фото нейросеть бесплатно	6838
улучшить фото нейросеть	result	улучшить фото нейросеть онлайн	6420
улучшить фото нейросеть	result	улучшить фото онлайн бесплатно нейросеть	5433
улучшить фото нейросеть	result	нейросеть улучшить качество фото	4770
улучшить фото нейросеть	result	улучшить фото с помощью нейросети	2230
улучшить фото нейросеть	result	улучшить качество фото онлайн нейросеть	2223
улучшить фото нейросеть	result	улучшить качество фото нейросеть бесплатно	2171
улучшить фото нейросеть	result	улучшить качество фото онлайн нейросеть бесплатно	1552
улучшить фото нейросеть	result	улучшить фото с помощью нейросети онлайн	1476
улучшить фото нейросеть	result	улучшить фото с помощью нейросети бесплатно онлайн	1406
улучшить фото нейросеть	result	нейросеть улучшающая фото без регистрации	1111
улучшить фото нейросеть	result	улучшить фото нейросеть бесплатно онлайн без регистрации	921
улучшить фото нейросеть	result	улучшить качество фото без нейросети	749
улучшить фото нейросеть	result	улучшить качество фото нейросеть бесплатно без регистрации	685
улучшить фото нейросеть	association	изменить картинку с помощью нейросети	659
улучшить фото нейросеть	association	нейросеть для оживления фотографий	585
улучшить фото нейросеть	association	нейросеть для фотографий бесплатно	2439
улучшить фото нейросеть	association	оживить фотографию с помощью нейросети бесплатно	2688
улучшить фото нейросеть	association	нейронка для улучшения качества фото	302
улучшить фото нейросеть	association	нейросеть для изменения фотографий	293
обработка фото нейросеть	result	обработка фото нейросетью	24421
обработка фото нейросеть	result	обработка фото нейросетью онлайн	13418
обработка фото нейросеть	result	обработка фото нейросетью онлайн бесплатно	11892
обработка фото нейросеть	result	обработка фото нейросетью без	2182
обработка фото нейросеть	result	обработка фото нейросетью без регистрации	2028
обработка фото нейросеть	result	обработка фото нейросетью бесплатно без регистрации	2021
обработка фото нейросеть	result	обработка фото нейросетью онлайн без регистрации	1837
обработка фото нейросеть	result	фото обработка нейросетью онлайн бесплатно без регистрации	1833
обработка фото нейросеть	result	нейросеть для обработки фото бесплатно	1684
обработка фото нейросеть	result	нейросеть русская обработка фото	831
обработка фото нейросеть	result	нейросеть обработка фото качество	823
обработка фото нейросеть	result	обработка качества фото нейросетью онлайн бесплатно	790
обработка фото нейросеть	result	ии фото нейросеть обработка бесплатно	748
обработка фото нейросеть	result	нейросеть обработка фото онлайн бесплатно русская	622
обработка фото нейросеть	result	нейросеть обработка фото онлайн на русском	622
обработка фото нейросеть	association	нейросеть фоторедактор	3811
обработка фото нейросеть	association	нейросеть для оживления фотографий	585
обработка фото нейросеть	association	сгенерировать фотографию в нейросети бесплатно онлайн	269
обработка фото нейросеть	association	искусственный интеллект фоторедактор	438
обработка фото нейросетью онлайн	result	обработка фото нейросетью онлайн	13418
обработка фото нейросетью онлайн	result	обработка фото нейросетью онлайн бесплатно	11892
обработка фото нейросетью онлайн	result	обработка фото нейросетью онлайн без регистрации	1837
обработка фото нейросетью онлайн	result	фото обработка нейросетью онлайн бесплатно без регистрации	1833
обработка фото нейросетью онлайн	result	обработка качества фото нейросетью онлайн бесплатно	790
обработка фото нейросетью онлайн	result	нейросеть обработка фото онлайн бесплатно русская	622
обработка фото нейросетью онлайн	result	нейросеть обработка фото онлайн на русском	622
обработка фото нейросетью онлайн	result	обработка фото нейросетью онлайн бесплатно для андроид	183
обработка фото нейросетью онлайн	result	бесплатная обработка фото нейросетью онлайн ии	145
обработка фото нейросетью онлайн	result	обработка фото по собственному желанию нейросетью онлайн	138
обработка фото нейросетью онлайн	result	ии редактор фото онлайн обработка фото нейросетью	130
обработка фото нейросетью онлайн	result	редактор фото онлайн обработка нейросеть	130
обработка фото нейросетью онлайн	result	лучшая нейросеть для обработки фото онлайн	127
обработка фото нейросетью онлайн	result	обработка фото с помощью нейросетей онлайн	125
обработка фото нейросетью онлайн	result	обработка фото с помощью нейросети онлайн бесплатно	115
обработка фото нейросетью онлайн	association	ии фоторедактор онлайн	16766
обработка фото нейросетью онлайн	association	нейросеть фоторедактор	3811
обработка фото нейросетью онлайн	association	нейросеть для редактирования изображений	1588
редактирование фото нейросеть	result	нейросеть для редактирования фото	4503
редактирование фото нейросеть	result	нейросеть для редактирования фото бесплатно	1613
редактирование фото нейросеть	result	нейросеть редактирование фото онлайн	869
редактирование фото нейросеть	result	редактирование фото нейросетью онлайн бесплатно	781
редактирование фото нейросеть	result	редактирование фото с помощью нейросети	433
редактирование фото нейросеть	result	редактирование фото с помощью нейросети онлайн	296
редактирование фото нейросеть	result	редактирование фото с помощью нейросети бесплатно	279
редактирование фото нейросеть	result	редактирование фото с помощью нейросети онлайн бесплатно	273
редактирование фото нейросеть	result	лучшие нейросети для редактирования фото	146
редактирование фото нейросеть	result	нейросеть для редактирования фото без регистрации	105
редактирование фото нейросеть	result	бесплатная нейросеть для редактирования фото без регистрации	100
редактирование фото нейросеть	result	редактирование фото нейросетью онлайн бесплатно без регистрации	100
редактирование фото нейросеть	result	нейросеть для редактирования фото без цензуры	99
редактирование фото нейросеть	result	нейросеть для редактирования фото 18	82
редактирование фото нейросеть	result	нейросеть для редактирования фото без ограничений	54
редактирование фото нейросеть	association	редактор фото с ии	3377
редактирование фото нейросеть	association	нейросеть фоторедактор	3811
редактирование фото нейросеть	association	ии фоторедактор нейросеть	1274
редактирование фото нейросеть	association	искусственный интеллект фоторедактор	438
редактирование фото нейросеть	association	искусственный интеллект фоторедактор онлайн бесплатно	73
изменить фото нейросеть	result	нейросеть изменить фото	12862
изменить фото нейросеть	result	изменить фото нейросеть бесплатно	5690
изменить фото нейросеть	result	нейросеть изменяющая фото бесплатно	5690
изменить фото нейросеть	result	изменить фото онлайн нейросеть	3692
изменить фото нейросеть	result	нейросетей изменяет фото онлайн	3692
изменить фото нейросеть	result	изменить фото с помощью нейросети	2721
изменить фото нейросеть	result	изменять фото с помощью нейросети	2721
изменить фото нейросеть	result	изменить фото нейросетью онлайн бесплатно	2693
изменить фото нейросеть	result	нейросеть изменяющая фото онлайн бесплатно	2693
изменить фото нейросеть	result	изменить фото с помощью нейросети бесплатно	1434
изменить фото нейросеть	result	ии нейросеть фото изменить	1140
изменить фото нейросеть	result	изменить фото с помощью нейросети онлайн	950
изменить фото нейросеть	result	изменить фото ии нейросеть бесплатно	844
изменить фото нейросеть	result	изменить фото с помощью нейросети онлайн бесплатно	798
изменить фото нейросеть	result	нейросеть изменить фото без регистрации	789
изменить фото нейросеть	association	нейросеть фоторедактор	3811
изменить фото нейросеть	association	нейронка для изменения фото	589
изменить фото нейросеть	association	нейросеть для оживления фотографий	585
изменить фото нейросеть	association	ии фоторедактор нейросеть	1274
изменить фото нейросеть	association	нейросеть для изменения фотографий	293
изменить одежду на фото нейросеть	result	нейросеть изменить одежду на фото	93
изменить одежду на фото нейросеть	result	нейросеть изменить одежду на фото бесплатно	22
изменить одежду на фото нейросеть	result	изменить одежду на фото онлайн нейросеть	17
изменить одежду на фото нейросеть	result	нейросеть изменить цвет одежды на фото	14
изменить одежду на фото нейросеть	result	изменить цвет одежды на фото онлайн нейросеть	9
изменить одежду на фото нейросеть	result	изменить порно одежду на фото нейросеть бесплатно	5
изменить одежду на фото нейросеть	association	нейронка для изменения фото	589
изменить одежду на фото нейросеть	association	нейросеть для оживления фотографий	585
изменить одежду на фото нейросеть	association	стили изображений для нейросети	457
изменить одежду на фото нейросеть	association	нейросеть для изменения фотографий	293
изменить одежду на фото нейросеть	association	нейросеть для редактирования фотографий	348
сменить одежду на фото нейросеть	result	сменить одежду на фото нейросетью	21
сменить одежду на фото нейросеть	association	изменить картинку с помощью нейросети	659
сменить одежду на фото нейросеть	association	замена фона на фото	3372
сменить одежду на фото нейросеть	association	нейронка для изменения фото	589
сменить одежду на фото нейросеть	association	переодеть изображение на фото	544
сменить одежду на фото нейросеть	association	нейросеть для оживления фотографий	585
сменить одежду на фото нейросеть	association	нейросеть для изменения фотографий	293
сменить одежду на фото нейросеть	association	изменить фотографию с помощью нейросети	441
переодеть фото нейросеть	result	нейросеть переодевает фото	25
переодеть фото нейросеть	result	переодеть фото нейросеть человека	16
переодеть фото нейросеть	association	нейросеть для оживления фотографий	585
переодеть фото нейросеть	association	нейросеть для фотографий бесплатно	2439
переодеть фото нейросеть	association	оживить фотографию с помощью нейросети бесплатно	2688
переодеть фото нейросеть	association	дорисовать изображение нейросеть	308
переодеть фото нейросеть	association	нейросеть для изменения фотографий	293
нейросеть переодеть человека	result	нейросеть переодевает человека	55
нейросеть переодеть человека	result	переодеть фото нейросеть человека	16
нейросеть переодеть человека	result	нейросеть которая бесплатно переодевает человека в бикини	7
нейросеть переодеть человека	association	нейроотличный это	3976
нейросеть переодеть человека	association	нейропсихолог кто это и чем занимается	437
нейросеть переодеть человека	association	нейропсихолог это что за специалист	463
нейросеть переодеть человека	association	тест на нейроотличность или нейротипичность	187
нейросеть переодеть человека	association	так себе чел	1835
нейросеть переодеть человека	association	что такое нейроотличность	139
нейросеть переодеть человека	association	что такое нейронные связи	283
примерить одежду нейросеть	result	нейросеть примерить одежду	61
примерить одежду нейросеть	result	нейросеть примерить одежду по фото	1
примерить одежду нейросеть	result	нейросеть примерить одежду по фото бесплатно	1
примерить одежду нейросеть	result	нейросеть примерить одежду по фото бесплатно онлайн	1
примерить одежду нейросеть	association	создать картинку с помощью нейросети онлайн	6262
примерить одежду нейросеть	association	нейросфера нейросеть бесплатно	1272
примерить одежду нейросеть	association	прохожу верити со своей тупой нейросетью	796
примерить одежду нейросеть	association	айдентика ком нейросеть	769
примерить одежду нейросеть	association	создать картинку с помощью нейросети онлайн бесплатно	1382
подбор одежды по фото нейросеть	result	нейросеть для подбора одежды по фото	25
подбор одежды по фото нейросеть	association	подобрать прическу по фото	13835
подбор одежды по фото нейросеть	association	подобрать прическу по фото бесплатно	8087
подбор одежды по фото нейросеть	association	фото в стиле нью	788
подбор одежды по фото нейросеть	association	как подобрать прическу по фото онлайн бесплатно	666
подбор одежды по фото нейросеть	association	создать картинку по описанию с помощью нейросети	721
подбор одежды по фото нейросеть	association	подобрать прическу по фотографии	397
подбор образа нейросеть	result	нейросеть для подбора образов	61
подбор образа нейросеть	result	подбор образа по фото нейросеть	49
подбор образа нейросеть	result	подбор образов через нейросеть	9
подбор образа нейросеть	result	подбор образа по фото нейросеть бесплатно	5
подбор образа нейросеть	result	подбор образа с помощью нейросети	5
подбор образа нейросеть	association	нейроотличный это	3976
подбор образа нейросеть	association	как найти свой стиль	2349
подбор образа нейросеть	association	у2ка стиль что это	342
подбор образа нейросеть	association	какому формированию соответствует формирование дивизион	1274
подбор образа нейросеть	association	ск8 стиль	667
подбор образа нейросеть	association	как найти свой стиль в рисовании	327
подбор образа нейросеть	association	подобрать стрижку с помощью искусственного интеллекта	275
подбор прически нейросеть	result	подбор прически по фото нейросеть	407
подбор прически нейросеть	result	нейросеть для подбора прически	320
подбор прически нейросеть	result	нейросеть по подбору прически бесплатно	278
подбор прически нейросеть	result	подбор прически по фото нейросеть бесплатно	254
подбор прически нейросеть	result	подбор прически с помощью нейросети	216
подбор прически нейросеть	result	подбор прически с помощью нейросети бесплатно	198
подбор прически нейросеть	result	подбор прически онлайн нейросеть	65
подбор прически нейросеть	result	нейросеть подбор причесок онлайн бесплатно	47
подбор прически нейросеть	result	подбор прически по фото онлайн нейросеть	37
подбор прически нейросеть	result	нейросеть подбор причесок онлайн бесплатно по фото	28
подбор прически нейросеть	result	подбор прически через нейросеть	18
подбор прически нейросеть	result	подбор прически по фото мужские нейросеть	17
подбор прически нейросеть	result	нейросеть для подбора прически мужчин	4
подбор прически нейросеть	association	как сгенерировать картинку с помощью нейросети	464
подбор прически нейросеть	association	подобрать цвет волос по фотографии	1275
подбор прически нейросеть	association	сделать фотосессию с помощью нейросети бесплатно	332
подбор прически нейросеть	association	подобрать цвет волос по фотографии бесплатно	987
нейросеть подобрать прическу	result	нейросеть подбирает прическу по фото	2651
нейросеть подобрать прическу	result	нейросеть подбирает прическу бесплатно	2565
нейросеть подобрать прическу	result	нейросеть бесплатно фото прическу подобрать	2237
нейросеть подобрать прическу	result	подобрать прическу с помощью нейросети	318
нейросеть подобрать прическу	result	нейросеть подбирает прическу онлайн	272
нейросеть подобрать прическу	result	подобрать прическу с помощью нейросети бесплатно	268
нейросеть подобрать прическу	result	нейросеть подобрать прическу по фото онлайн	255
нейросеть подобрать прическу	result	подобрать прическу нейросеть по фото онлайн бесплатно	184
нейросеть подобрать прическу	result	нейросеть которая подбирает прическу	165
нейросеть подобрать прическу	result	как подобрать прическу через нейросеть	135
нейросеть подобрать прическу	result	какая нейросеть подберет прическу	102
нейросеть подобрать прическу	result	нейросеть подобрать цвет волос и прическу	47
нейросеть подобрать прическу	result	алиса нейросеть подобрать прическу	38
нейросеть подобрать прическу	result	как подобрать прическу через нейросеть бесплатно	33
нейросеть подобрать прическу	result	подобрать мужскую прическу по фото нейросеть	27
нейросеть подобрать прическу	association	какая стрижка мне подойдет по фото	1128
нейросеть подобрать прическу	association	подобрать стрижку по фотографии бесплатно онлайн	1142
нейросеть подобрать прическу	association	создать картинку по описанию с помощью нейросети	721
нейросеть подобрать прическу	association	как сгенерировать картинку с помощью нейросети	464
нейросеть подобрать прическу	association	подбор цвета волос по фото	2422
подобрать прическу по фото нейросеть	result	нейросеть подбирает прическу по фото	2651
подобрать прическу по фото нейросеть	result	подобрать прическу по фото бесплатно нейросеть	2232
подобрать прическу по фото нейросеть	result	нейросеть подобрать прическу по фото онлайн	255
подобрать прическу по фото нейросеть	result	подобрать прическу нейросеть по фото онлайн бесплатно	184
подобрать прическу по фото нейросеть	result	подобрать мужскую прическу по фото нейросеть	27
подобрать прическу по фото нейросеть	result	подобрать мужскую прическу по фото нейросеть бесплатно	21
подобрать прическу по фото нейросеть	result	какая нейросеть может подобрать прическу по фото	16
подобрать прическу по фото нейросеть	association	какая стрижка мне подойдет по фото	1128
подобрать прическу по фото нейросеть	association	подобрать стрижку по фотографии бесплатно онлайн	1142
подобрать прическу по фото нейросеть	association	создать картинку по описанию с помощью нейросети	721
подобрать прическу по фото нейросеть	association	как сгенерировать картинку с помощью нейросети	464
подобрать прическу по фото нейросеть	association	подбор цвета волос по фото	2422
примерить прическу нейросеть	result	примерить прическу с помощью нейросети	62
примерить прическу нейросеть	result	нейросеть чтобы примерить прическу	42
примерить прическу нейросеть	result	нейросеть примерить прическу бесплатно	36
примерить прическу нейросеть	result	примерить прическу онлайн нейросеть	32
примерить прическу нейросеть	association	как уложить челку шторку правильно	3849
примерить прическу нейросеть	association	нейроотличный это	3976
примерить прическу нейросеть	association	челка шторка как правильно стричь	390
примерить прическу нейросеть	association	тест на нейроотличность или нейротипичность	187
примерить прическу нейросеть	association	как правильно пишется парикмахер	367
нейросеть прическа по фото	result	нейросеть подбирает прическу по фото	2651
нейросеть прическа по фото	result	нейросеть прическа по фото бесплатно	2589
нейросеть прическа по фото	result	подобрать прическу по фото бесплатно нейросеть	2232
нейросеть прическа по фото	result	подбор прически по фото нейросеть	407
нейросеть прическа по фото	result	нейросеть прическа по фото онлайн	320
нейросеть прическа по фото	result	нейросеть подобрать прическу по фото онлайн	255
нейросеть прическа по фото	result	подбор прически по фото нейросеть бесплатно	254
нейросеть прическа по фото	result	нейросеть для причесок по фото	231
нейросеть прическа по фото	result	прическа по фото онлайн нейросеть бесплатно	223
нейросеть прическа по фото	result	подобрать прическу нейросеть по фото онлайн бесплатно	184
нейросеть прическа по фото	result	нейросеть для генерации прически по фото	48
нейросеть прическа по фото	result	подбор прически по фото онлайн нейросеть	37
нейросеть прическа по фото	result	нейросеть подбор причесок онлайн бесплатно по фото	28
нейросеть прическа по фото	result	подобрать мужскую прическу по фото нейросеть	27
нейросеть прическа по фото	result	подобрать мужскую прическу по фото нейросеть бесплатно	21
нейросеть прическа по фото	association	какая стрижка мне подойдет по фото	1128
нейросеть прическа по фото	association	подобрать стрижку по фотографии бесплатно онлайн	1142
нейросеть прическа по фото	association	создать картинку по описанию с помощью нейросети	721
нейросеть прическа по фото	association	как сгенерировать картинку с помощью нейросети	464
нейросеть прическа по фото	association	подбор цвета волос по фото	2422
подбор цвета волос нейросеть	result	нейросеть для подбора цвета волос	38
подбор цвета волос нейросеть	result	нейросеть для подбора стрижки и цвета волос	17
подбор цвета волос нейросеть	result	подбор цвета волос через нейросеть	9
подбор цвета волос нейросеть	association	оттенки блонда	14430
подбор цвета волос нейросеть	association	подобрать прическу онлайн по своему фото бесплатно	570
подбор цвета волос нейросеть	association	как подобрать прическу по фото онлайн бесплатно	666
подбор цвета волос нейросеть	association	распознавание образов cyberpunk 2077 кого выбрать	301
подбор цвета волос нейросеть	association	м к стрижки прически колорист парикмахер	825
подбор цвета волос нейросеть	association	подобрать стрижку с помощью искусственного интеллекта	275
изменить прическу на фото нейросеть	result	изменить прическу на фото нейросеть	133
изменить прическу на фото нейросеть	result	нейросеть изменяет прическу на фото	133
изменить прическу на фото нейросеть	result	изменить прическу на фото онлайн нейросеть	109
изменить прическу на фото нейросеть	result	изменить прическу на фото нейросеть бесплатно	31
изменить прическу на фото нейросеть	result	изменить прическу на фото онлайн нейросеть бесплатно	26
изменить прическу на фото нейросеть	association	нейросеть фоторедактор	3811
изменить прическу на фото нейросеть	association	нейронка для изменения фото	589
изменить прическу на фото нейросеть	association	нейронка для редактирования фото	551
изменить прическу на фото нейросеть	association	нейронка для обработки фото	612
изменить прическу на фото нейросеть	association	нейросеть для изменения фотографий	293
нейросеть подобрать очки	result	подобрать очки нейросеть	41
нейросеть подобрать очки	association	нейросфера нейросеть бесплатно	1272
нейросеть подобрать очки	association	прохожу верити со своей тупой нейросетью	796
нейросеть подобрать очки	association	study ai нейросеть	1814
нейросеть подобрать очки	association	топ нейросетей	9275
нейросеть подобрать очки	association	тест на нейроотличность или нейротипичность	187
нейросеть подобрать очки	association	нейроотличие это	613
цветотип по фото нейросеть	result	нейросеть определяющая цветотип по фото	45
цветотип по фото нейросеть	result	определить цветотип по фото нейросеть	45
цветотип по фото нейросеть	association	тест на цветотип	9180
цветотип по фото нейросеть	association	тест на цветотип внешности	2737
цветотип по фото нейросеть	association	мой цветотип тест	846
цветотип по фото нейросеть	association	определение цвета по фото	1284
цветотип по фото нейросеть	association	определитель цвета по фото	587
цветотип по фото нейросеть	association	нейросеть для оживления фотографий	585
определить цветотип нейросеть	result	нейросеть определяющая цветотип	91
определить цветотип нейросеть	result	нейросеть определяющая цветотип по фото	45
определить цветотип нейросеть	result	определить цветотип по фото нейросеть	45
определить цветотип нейросеть	result	нейросеть которая определяет цветотип	19
определить цветотип нейросеть	result	ии нейросеть определить цветотип	8
определить цветотип нейросеть	association	распознавание образов cyberpunk 2077 кого выбрать	301
определить цветотип нейросеть	association	определение цвета	15153
определить цветотип нейросеть	association	какая часть глаза отвечает за восприятие цвета	647
определить цветотип нейросеть	association	тест на нейроотличность или нейротипичность	187
определить цветотип нейросеть	association	нейроотличие это	613
определить цветотип нейросеть	association	дальтонизм какие цвета не различают	187
определить цветотип нейросеть	association	тест на ваш типаж	178
определить цветотип по фото нейросеть	result	нейросеть определяющая цветотип по фото	45
определить цветотип по фото нейросеть	result	определить цветотип по фото нейросеть	45
определить цветотип по фото нейросеть	association	тест на цветотип	9180
определить цветотип по фото нейросеть	association	тест на цветотип внешности	2737
определить цветотип по фото нейросеть	association	мой цветотип тест	846
определить цветотип по фото нейросеть	association	определение цвета по фото	1284
определить цветотип по фото нейросеть	association	определитель цвета по фото	587
определить цветотип по фото нейросеть	association	нейросеть для оживления фотографий	585
ии фотосессия день рождения	result	фотосессия ии день рождения	1730
ии фотосессия день рождения	result	промты для ии фотосессии на день рождения	353
ии фотосессия день рождения	result	ии фотосессия на день рождения бесплатно	233
ии фотосессия день рождения	result	ии фотосессия по фото день рождения	146
ии фотосессия день рождения	result	ии фотосессия по фото бесплатно день рождения	129
ии фотосессия день рождения	result	фотосессия на день рождения девушке ии	82
ии фотосессия день рождения	result	фотосессия ии онлайн день рождения	62
ии фотосессия день рождения	result	промты для ии фотосессии женские день рождения	48
ии фотосессия день рождения	result	сделать ии фотосессию день рождения	45
ии фотосессия день рождения	result	ии фотосессия с днем рождения 6 лет	34
ии фотосессия день рождения	result	ии фотосессия ребенку на день рождение	29
ии фотосессия день рождения	result	промт для ии фотосессии день рождения женщины	20
ии фотосессия день рождения	result	ии фотосессия на день рождения мужчине	19
ии фотосессия день рождения	result	промт ии фотосессии день рождения мужчины	13
ии фотосессия день рождения	result	сделать фотосессию день рождения ии онлайн бесплатно	5
ии фотосессия день рождения	association	фото с юбилеем женщине	1441
ии фотосессия день рождения	association	фотозона на др	772
ии фотосессия день рождения	association	фото с юбилеем	7259
ии фотосессия день рождения	association	фотосессия на др	980
ии фотосессия день рождения	association	фотография nasa по дате рождения	73
ии фотосессия день рождения	association	бьюти фотосессия	195
фотосессия ии день рождения	result	фотосессия ии день рождения	1730
фотосессия ии день рождения	result	промты для ии фотосессии на день рождения	353
фотосессия ии день рождения	result	ии фотосессия на день рождения бесплатно	233
фотосессия ии день рождения	result	ии фотосессия по фото день рождения	146
фотосессия ии день рождения	result	ии фотосессия по фото бесплатно день рождения	129
фотосессия ии день рождения	result	фотосессия на день рождения девушке ии	82
фотосессия ии день рождения	result	фотосессия ии онлайн день рождения	62
фотосессия ии день рождения	result	промты для ии фотосессии женские день рождения	48
фотосессия ии день рождения	result	сделать ии фотосессию день рождения	45
фотосессия ии день рождения	result	ии фотосессия с днем рождения 6 лет	34
фотосессия ии день рождения	result	ии фотосессия ребенку на день рождение	29
фотосессия ии день рождения	result	промт для ии фотосессии день рождения женщины	20
фотосессия ии день рождения	result	ии фотосессия на день рождения мужчине	19
фотосессия ии день рождения	result	промт ии фотосессии день рождения мужчины	13
фотосессия ии день рождения	result	сделать фотосессию день рождения ии онлайн бесплатно	5
фотосессия ии день рождения	association	фото с юбилеем женщине	1441
фотосессия ии день рождения	association	фотозона на др	772
фотосессия ии день рождения	association	фото с юбилеем	7259
фотосессия ии день рождения	association	фотосессия на др	980
фотосессия ии день рождения	association	фотография nasa по дате рождения	73
фотосессия ии день рождения	association	бьюти фотосессия	195
фотосессия на день рождения нейросеть	result	фотосессия на день рождения нейросеть	63
фотосессия на день рождения нейросеть	association	нейросеть фото	481711
фотосессия на день рождения нейросеть	association	анимировать фото нейросеть	789
фотосессия на день рождения нейросеть	association	фоторум нейросеть	115
фотосессия на день рождения нейросеть	association	ии нейросеть для фото	2813
фотосессия на день рождения нейросеть	association	фото со знаменитостью нейросеть	269
фотосессия на день рождения нейросеть	association	нейросеть для фотографий	7836
промты для ии фотосессии день рождения	result	промты для ии фотосессии на день рождения	353
промты для ии фотосессии день рождения	result	промты для ии фотосессии женские день рождения	48
промты для ии фотосессии день рождения	result	промт для ии фотосессии день рождения женщины	20
промты для ии фотосессии день рождения	association	день фотографа 2026	1136
промты для ии фотосессии день рождения	association	фотосессия на др	980
промты для ии фотосессии день рождения	association	промты для фото в нейросети женские	53
промты для ии фотосессии день рождения	association	когда день фотографа в 2026	102
фото на день рождения нейросеть	result	нейросеть фото на день рождения	910
фото на день рождения нейросеть	result	фото на день рождения нейросеть бесплатно	380
фото на день рождения нейросеть	result	нейросеть сделать фото на день рождения	261
фото на день рождения нейросеть	result	фото на день рождения через нейросеть	155
фото на день рождения нейросеть	result	ии фото нейросеть на день рождения	132
фото на день рождения нейросеть	result	сделать фото через нейросеть на день рождения	85
фото на день рождения нейросеть	result	сгенерировать фото нейросетью на день рождения	77
фото на день рождения нейросеть	result	фото на день рождения через нейросеть бесплатно	59
фото на день рождения нейросеть	result	ии фото нейросеть бесплатно на день рождения	47
фото на день рождения нейросеть	result	сделайте фото на день рождения нейросеть онлайн	31
фото на день рождения нейросеть	result	нейросеть для генерации фото на день рождения	29
фото на день рождения нейросеть	result	нейросеть для создания фото на день рождения	22
фото на день рождения нейросеть	result	нейросеть поздравление с днем рождения на фото	18
фото на день рождения нейросеть	result	нейросеть фото на день рождения девушка	14
фото на день рождения нейросеть	association	нейронка для фото	10357
фото на день рождения нейросеть	association	нейронка для генерации фото	1157
фото на день рождения нейросеть	association	нейронка для фотографий	620
фото на день рождения нейросеть	association	нейронка для фоток	433
фото на день рождения нейросеть	association	нейросеть для фотографий	7836
фото на день рождения нейросеть	association	нейросеть для фоток	1080
беременная ии фотосессия	result	ии беременная фотосессия	460
беременная ии фотосессия	result	промты для ии фотосессии беременных	115
беременная ии фотосессия	result	ии фотосессия беременной бесплатно	73
беременная ии фотосессия	result	беременная фотосессия с мужем ии	38
беременная ии фотосессия	result	фотосессия беременной с помощью ии	21
беременная ии фотосессия	result	как сделать беременную фотосессию в ии	19
беременная ии фотосессия	result	сделать беременную фотосессию с помощью ии	18
беременная ии фотосессия	result	беременная фотосессия с мужем ии промт	14
беременная ии фотосессия	result	беременная фотосессия через ии	12
беременная ии фотосессия	association	вес плода по неделям беременности таблица	677
беременная ии фотосессия	association	фото беременности	51436
беременная ии фотосессия	association	мама вышла замуж актеры и роли фото	133
беременная ии фотосессия	association	эмбрион по неделям беременности фото	255
беременная ии фотосессия	association	беременность фото	51436
беременная ии фотосессия	association	эмбрион по неделям беременности фото и размеры	51
ии беременная фотосессия	result	ии беременная фотосессия	460
ии беременная фотосессия	result	промты для ии фотосессии беременных	115
ии беременная фотосессия	result	ии фотосессия беременной бесплатно	73
ии беременная фотосессия	result	беременная фотосессия с мужем ии	38
ии беременная фотосессия	result	фотосессия беременной с помощью ии	21
ии беременная фотосессия	result	как сделать беременную фотосессию в ии	19
ии беременная фотосессия	result	сделать беременную фотосессию с помощью ии	18
ии беременная фотосессия	result	беременная фотосессия с мужем ии промт	14
ии беременная фотосессия	result	беременная фотосессия через ии	12
ии беременная фотосессия	association	вес плода по неделям беременности таблица	677
ии беременная фотосессия	association	фото беременности	51436
ии беременная фотосессия	association	мама вышла замуж актеры и роли фото	133
ии беременная фотосессия	association	эмбрион по неделям беременности фото	255
ии беременная фотосессия	association	беременность фото	51436
ии беременная фотосессия	association	эмбрион по неделям беременности фото и размеры	51
беременная фотосессия нейросеть	result	беременная фотосессия нейросеть	29
беременная фотосессия нейросеть	association	ии фото нейросеть бесплатно	37005
беременная фотосессия нейросеть	association	гига чат нейросеть официальный	117360
беременная фотосессия нейросеть	association	нейросеть фото бесплатно	246070
беременная фотосессия нейросеть	association	генерация фото нейросетью	34764
беременная фотосессия нейросеть	association	ии фото беременности	277
фотосессия беременных нейросеть	result	беременная фотосессия нейросеть	29
фотосессия беременных нейросеть	association	ии фото нейросеть бесплатно	37005
фотосессия беременных нейросеть	association	гига чат нейросеть официальный	117360
фотосессия беременных нейросеть	association	нейросеть фото бесплатно	246070
фотосессия беременных нейросеть	association	генерация фото нейросетью	34764
фотосессия беременных нейросеть	association	ии фото беременности	277
свадебная ии фотосессия	result	ии фотосессия свадебная	239
свадебная ии фотосессия	result	промт для ии свадебная фотосессия	47
свадебная ии фотосессия	result	свадебная фотосессия ии бесплатно	40
свадебная ии фотосессия	result	сделать свадебную фотосессию ии	14
свадебная ии фотосессия	result	ии описание свадебной фотосессии	8
свадебная ии фотосессия	result	ии фотосессия свадебные шаблоны	7
свадебная ии фотосессия	result	промт в ии для создания свадебной фотосессии	6
свадебная ии фотосессия	association	с годовщиной свадьбы картинки красивые	14666
свадебная ии фотосессия	association	с годовщиной свадьбы картинки прикольные	4370
свадебная ии фотосессия	association	что подарить жене на годовщину свадьбы	3965
свадебная ии фотосессия	association	фото со свадьбы медведевой	2724
свадебная ии фотосессия	association	подарок жене на годовщину свадьбы	3331
свадебная ии фотосессия	association	фотограф на свадьбу	7585
свадебная ии фотосессия	association	фото с годовщиной свадьбы	2835
ии фотосессия свадебная	result	ии фотосессия свадебная	239
ии фотосессия свадебная	result	промт для ии свадебная фотосессия	47
ии фотосессия свадебная	result	свадебная фотосессия ии бесплатно	40
ии фотосессия свадебная	result	сделать свадебную фотосессию ии	14
ии фотосессия свадебная	result	ии описание свадебной фотосессии	8
ии фотосессия свадебная	result	ии фотосессия свадебные шаблоны	7
ии фотосессия свадебная	result	промт в ии для создания свадебной фотосессии	6
ии фотосессия свадебная	association	с годовщиной свадьбы картинки красивые	14666
ии фотосессия свадебная	association	с годовщиной свадьбы картинки прикольные	4370
ии фотосессия свадебная	association	что подарить жене на годовщину свадьбы	3965
ии фотосессия свадебная	association	фото со свадьбы медведевой	2724
ии фотосессия свадебная	association	подарок жене на годовщину свадьбы	3331
ии фотосессия свадебная	association	фотограф на свадьбу	7585
ии фотосессия свадебная	association	фото с годовщиной свадьбы	2835
свадебная фотосессия нейросеть	result	свадебная фотосессия нейросеть	18
свадебная фотосессия нейросеть	result	создать фотосессию свадебную с помощью нейросети	7
свадебная фотосессия нейросеть	result	промт для свадебной фотосессии нейросети	5
свадебная фотосессия нейросеть	association	ии фото нейросеть бесплатно	37005
свадебная фотосессия нейросеть	association	нейросеть фото бесплатно	246070
свадебная фотосессия нейросеть	association	айдентика нейросеть	3345
свадебная фотосессия нейросеть	association	генератор фото нейросеть бесплатно	3488
парная фотосессия нейросеть	result	нейросеть парная фотосессия	135
парная фотосессия нейросеть	result	парные фотосессии нейросеть	135
парная фотосессия нейросеть	result	промт для парных фотосессии нейросети	52
парная фотосессия нейросеть	result	промты для нейросети фотосессия парная	52
парная фотосессия нейросеть	result	парная фотосессия нейросеть бесплатно	41
парная фотосессия нейросеть	result	ии парная фотосессия нейросеть бесплатно	9
парная фотосессия нейросеть	association	ии фото нейросеть бесплатно	37005
парная фотосессия нейросеть	association	нейросеть фото бесплатно	246070
парная фотосессия нейросеть	association	обработка фото нейросетью	24111
парная фотосессия нейросеть	association	генератор фото нейросеть бесплатно	3488
парная фотосессия нейросеть	association	нейросеть сделать фото	27809
семейная фотосессия нейросеть	result	семейная фотосессия нейросеть	192
семейная фотосессия нейросеть	result	промты для нейросети фотосессия семейная	87
семейная фотосессия нейросеть	result	семейная фотосессия нейросеть бесплатно	62
семейная фотосессия нейросеть	result	фотосессии с помощью нейросети бесплатно создание семейный	9
семейная фотосессия нейросеть	association	ии фото нейросеть бесплатно	37005
семейная фотосессия нейросеть	association	нейросеть фото бесплатно	246070
семейная фотосессия нейросеть	association	обработка фото нейросетью	24111
семейная фотосессия нейросеть	association	генератор фото нейросеть бесплатно	3488
семейная фотосессия нейросеть	association	как оживить фото с помощью нейросети	1584
семейная фотосессия нейросеть	association	нейросеть сделать фото	27809
семейная ии фотосессия	result	семейная фотосессия ии	1421
семейная ии фотосессия	result	семейная фотосессия ии бесплатно	423
семейная ии фотосессия	result	промты для ии фотосессии семейные	330
семейная ии фотосессия	result	ии фотосессия по фото семейная	143
семейная ии фотосессия	result	сделать семейную фотосессию ии	133
семейная ии фотосессия	result	ии фотосессия по фото бесплатно семейная	120
семейная ии фотосессия	result	сделать семейную фотосессию ии бесплатно	43
семейная ии фотосессия	result	семейная фотосессия онлайн ии	42
семейная ии фотосессия	result	семейная фотосессия с помощью ии	38
семейная ии фотосессия	result	фотосессия семейная ии онлайн бесплатно	32
семейная ии фотосессия	result	семейная фотосессия через ии	31
семейная ии фотосессия	result	черно белая фотосессия семейная ии	26
семейная ии фотосессия	result	как сделать семейную фотосессию с помощью ии	21
семейная ии фотосессия	result	создание семейной фотосессии ии	17
семейная ии фотосессия	result	ии создать семейную фотосессию	16
семейная ии фотосессия	association	семья по выбору актеры	3079
семейная ии фотосессия	association	девочки в чем мать родила фото	641
семейная ии фотосессия	association	брачные узы с семьей амагами	2276
семейная ии фотосессия	association	семья фото	179991
семейная ии фотосессия	association	ведь мы семья актеры и роли фото	660
семейная ии фотосессия	association	семья нудистов фото	2438
семейная ии фотосессия	association	фото семьи	179991
парная ии фотосессия	result	ии фотосессия парные	1062
парная ии фотосессия	result	парная ии фотосессия	1062
парная ии фотосессия	result	парные промты для ии фотосессии	454
парная ии фотосессия	result	промты для парной фотосессии ии	454
парная ии фотосессия	result	парная фотосессия ии бесплатно	170
парная ии фотосессия	result	парные фотосессии ии бесплатно	170
парная ии фотосессия	result	сделать парную фотосессию ии	35
парная ии фотосессия	result	парная фотосессия ии онлайн	35
парная ии фотосессия	result	парная фотосессия ии онлайн бесплатно	31
парная ии фотосессия	result	парные фотосессия ии онлайн бесплатно	31
парная ии фотосессия	result	промты для ии фотосессии на русском парные	26
парная ии фотосессия	result	парная фотосессия через ии	25
парная ии фотосессия	result	парная фотосессия ии по фото бесплатно онлайн	13
парная ии фотосессия	result	готовые промты для ии фотосессии парные	13
парная ии фотосессия	result	готовые промты для парной ии фотосессии	13
парная ии фотосессия	association	мой эро фото портрет 18	5460
парная ии фотосессия	association	юрий цурило фото в молодости и сейчас	837
парная ии фотосессия	association	парно фото	24401
парная ии фотосессия	association	фото голых пар	3939
парная ии фотосессия	association	голые пары фото	3939
детская ии фотосессия	result	детская фотосессия ии	329
детская ии фотосессия	result	промты для ии фотосессии детские	100
детская ии фотосессия	result	фотосессия с ии бесплатно детские	21
детская ии фотосессия	result	детская фотосессия с помощью ии	18
детская ии фотосессия	result	детские сказочные промты для ии фотосессии	8
детская ии фотосессия	association	дети фристайла	26693
детская ии фотосессия	association	фото ребенка голубя	1645
детская ии фотосессия	association	день знаний картинки для детей	4724
детская ии фотосессия	association	голые дети в кино	1765
детская ии фотосессия	association	фото ребенка	791130
детская ии фотосессия	association	голые дети фото	6793
детская ии фотосессия	association	фото голых детей	6793
мужская ии фотосессия	result	мужская фотосессия ии	494
мужская ии фотосессия	result	промты для ии фотосессии мужские	341
мужская ии фотосессия	result	промпты для ии фотосессии мужские	19
мужская ии фотосессия	result	промты для ии фотосессии мужские на русском	17
мужская ии фотосессия	result	промты для ии фотосессии мужские с машиной	11
мужская ии фотосессия	result	готовые промты для ии фотосессии мужские	11
мужская ии фотосессия	association	фото парня	217444
мужская ии фотосессия	association	фото голых мужчин	17564
мужская ии фотосессия	association	фото голых парней	24378
мужская ии фотосессия	association	фото мужчины	377247
мужская ии фотосессия	association	фото голых мужиков	13984
мужская ии фотосессия	association	невский актеры и роли фото все мужчины	1169
мужская ии фотосессия	association	голые парни фото	24378
женская ии фотосессия	result	женская фотосессия ии	1108
женская ии фотосессия	result	промты для ии фотосессии женские	1001
женская ии фотосессия	result	готовые промты для ии фотосессии женские	181
женская ии фотосессия	result	промты для ии фотосессии женские на русском	150
женская ии фотосессия	result	промты для ии фотосессии женские студийные	49
женская ии фотосессия	result	промты для ии фотосессии женские день рождения	48
женская ии фотосессия	result	промпты для женской фотосессии ии	23
женская ии фотосессия	result	промты для ии фотосессии женские летние	18
женская ии фотосессия	result	промты для ии фотосессии женские портреты	13
женская ии фотосессия	result	сделать женскую фотосессию с ии по фото	11
женская ии фотосессия	result	промты для ии фотосессии женские черно белые	11
женская ии фотосессия	association	фото красивых девушек	134747
женская ии фотосессия	association	фото девушек ню	18195
женская ии фотосессия	association	фотографии голых женщин	12614
женская ии фотосессия	association	фото голых женщин	230663
женская ии фотосессия	association	фото женщин	1021315
женская ии фотосессия	association	голые женщины фото	230663
фотосессия для девушки ии	result	фотосессия для девушки ии	340
фотосессия для девушки ии	result	промт для ии фотосессии девушки	254
фотосессия для девушки ии	result	описание для ии фотосессии девушки	14
фотосессия для девушки ии	result	фотосессия для девушки ии чб	6
фотосессия для девушки ии	association	фотографии голых женщин	12614
фотосессия для девушки ии	association	фото голых женщин	230663
фотосессия для девушки ии	association	голые женщины фото	230663
фотосессия для девушки ии	association	фото женщин ню	13044
фотосессия для девушки ии	association	красивые голые женщины фото	11612
фотосессия для девушки ии	association	голые фото женщин	230663
фотосессия для девушки ии	association	фото женских кисок	2928
фотосессия для мужчины ии	result	ии фотосессия для мужчин	117
фотосессия для мужчины ии	result	промт на фотосессию ии для мужчины	30
фотосессия для мужчины ии	result	готовые промты для ии фотосессии мужчины	6
фотосессия для мужчины ии	association	фото голых мужиков	13984
фотосессия для мужчины ии	association	голые парни фото	24378
фотосессия для мужчины ии	association	голые мужики фото	13984
фотосессия для мужчины ии	association	мужские позы для фото	580
фотосессия для мужчины ии	association	фото мужика	71676
фотосессия для мужчины ии	association	мужик фото	71678
фото для знакомств нейросеть	error	429 Too Many Requests: {"code":8,"message":"search-api.wordstatRequestsPerHour.rate rate quota limit exceed: allowed 100 requests","details":[{"@type":"type.googleapis.com/google.rpc.RequestInfo","requestId":"4fde089a-8d29-4752-a236-8ab3ff7e6fdb"}]}	
фото для анкеты нейросеть	error	429 Too Many Requests: {"code":8,"message":"search-api.wordstatRequestsPerHour.rate rate quota limit exceed: allowed 100 requests","details":[{"@type":"type.googleapis.com/google.rpc.RequestInfo","requestId":"3017d1d0-097f-45da-9dc0-e0cf645c0a7a"}]}	
фото для тиндера нейросеть	error	429 Too Many Requests: {"code":8,"message":"search-api.wordstatRequestsPerHour.rate rate quota limit exceed: allowed 100 requests","details":[{"@type":"type.googleapis.com/google.rpc.RequestInfo","requestId":"5188802d-7224-44e7-9c4b-cfc1ec79cee6"}]}	
фото для tinder нейросеть	error	429 Too Many Requests: {"code":8,"message":"search-api.wordstatRequestsPerHour.rate rate quota limit exceed: allowed 100 requests","details":[{"@type":"type.googleapis.com/google.rpc.RequestInfo","requestId":"5dd7ac75-46e1-4da1-b390-4c3b83df1df1"}]}	
фото для дайвинчика нейросеть	error	429 Too Many Requests: {"code":8,"message":"search-api.wordstatRequestsPerHour.rate rate quota limit exceed: allowed 100 requests","details":[{"@type":"type.googleapis.com/google.rpc.RequestInfo","requestId":"ac695414-2d60-48f8-a5bf-8e7a38b24381"}]}	
красивое фото для анкеты нейросеть	error	429 Too Many Requests: {"code":8,"message":"search-api.wordstatRequestsPerHour.rate rate quota limit exceed: allowed 100 requests","details":[{"@type":"type.googleapis.com/google.rpc.RequestInfo","requestId":"7998fecc-4a08-4632-8bc7-8b82337d3b5c"}]}	
промты для ии фотосессии	error	429 Too Many Requests: {"code":8,"message":"search-api.wordstatRequestsPerHour.rate rate quota limit exceed: allowed 100 requests","details":[{"@type":"type.googleapis.com/google.rpc.RequestInfo","requestId":"0ed8e4b7-0266-4ea0-9396-a42dd21624c5"}]}	
промпты для ии фотосессии	error	429 Too Many Requests: {"code":8,"message":"search-api.wordstatRequestsPerHour.rate rate quota limit exceed: allowed 100 requests","details":[{"@type":"type.googleapis.com/google.rpc.RequestInfo","requestId":"d38da943-cbb8-4566-8389-f7b6619a58e1"}]}	
готовые промты для ии фотосессии	error	429 Too Many Requests: {"code":8,"message":"search-api.wordstatRequestsPerHour.rate rate quota limit exceed: allowed 100 requests","details":[{"@type":"type.googleapis.com/google.rpc.RequestInfo","requestId":"ba23f66c-0d0f-4b35-8217-301b2376baea"}]}	
промты для фотосессии	error	429 Too Many Requests: {"code":8,"message":"search-api.wordstatRequestsPerHour.rate rate quota limit exceed: allowed 100 requests","details":[{"@type":"type.googleapis.com/google.rpc.RequestInfo","requestId":"5434c77e-4a6c-4145-86f6-5cedacbebb65"}]}	
промт для ии фотосессии	error	429 Too Many Requests: {"code":8,"message":"search-api.wordstatRequestsPerHour.rate rate quota limit exceed: allowed 100 requests","details":[{"@type":"type.googleapis.com/google.rpc.RequestInfo","requestId":"67e6aa3b-a0a6-4db8-91d3-0a3fdddb6457"}]}	
шаблоны для ии фотосессии	error	429 Too Many Requests: {"code":8,"message":"search-api.wordstatRequestsPerHour.rate rate quota limit exceed: allowed 100 requests","details":[{"@type":"type.googleapis.com/google.rpc.RequestInfo","requestId":"9c399be4-c25a-4769-8198-a9f21ce70f19"}]}	
ии фотосессия шаблоны	error	429 Too Many Requests: {"code":8,"message":"search-api.wordstatRequestsPerHour.rate rate quota limit exceed: allowed 100 requests","details":[{"@type":"type.googleapis.com/google.rpc.RequestInfo","requestId":"3486fa68-83d5-4db7-bf45-f6c59717f967"}]}	
студийная фотосессия ии	error	429 Too Many Requests: {"code":8,"message":"search-api.wordstatRequestsPerHour.rate rate quota limit exceed: allowed 100 requests","details":[{"@type":"type.googleapis.com/google.rpc.RequestInfo","requestId":"5c79d26a-0989-4b1e-9c9d-cc0502b51053"}]}	
фотосессия с машиной ии	error	429 Too Many Requests: {"code":8,"message":"search-api.wordstatRequestsPerHour.rate rate quota limit exceed: allowed 100 requests","details":[{"@type":"type.googleapis.com/google.rpc.RequestInfo","requestId":"4f08c59e-7fa3-4c28-981e-058c118f6294"}]}	
фото в стиле нейросеть	error	429 Too Many Requests: {"code":8,"message":"search-api.wordstatRequestsPerHour.rate rate quota limit exceed: allowed 100 requests","details":[{"@type":"type.googleapis.com/google.rpc.RequestInfo","requestId":"59ee32fd-713f-4d51-a4b4-37a2b0efb987"}]}	
фото в стиле аниме нейросеть	error	429 Too Many Requests: {"code":8,"message":"search-api.wordstatRequestsPerHour.rate rate quota limit exceed: allowed 100 requests","details":[{"@type":"type.googleapis.com/google.rpc.RequestInfo","requestId":"59c95a9f-a683-4f93-8b4c-9653e602938c"}]}	
фото в стиле барби нейросеть	error	429 Too Many Requests: {"code":8,"message":"search-api.wordstatRequestsPerHour.rate rate quota limit exceed: allowed 100 requests","details":[{"@type":"type.googleapis.com/google.rpc.RequestInfo","requestId":"0b5fe423-83ec-470f-9ccb-d172549ae7bf"}]}	
фото в стиле 90х нейросеть	error	429 Too Many Requests: {"code":8,"message":"search-api.wordstatRequestsPerHour.rate rate quota limit exceed: allowed 100 requests","details":[{"@type":"type.googleapis.com/google.rpc.RequestInfo","requestId":"50776166-3e75-4c03-b85f-af6ba61cffe8"}]}	
ретро фото нейросеть	error	429 Too Many Requests: {"code":8,"message":"search-api.wordstatRequestsPerHour.rate rate quota limit exceed: allowed 100 requests","details":[{"@type":"type.googleapis.com/google.rpc.RequestInfo","requestId":"e30405a2-abed-4742-8854-c2bf85e074ea"}]}	
черно белое фото нейросеть	error	429 Too Many Requests: {"code":8,"message":"search-api.wordstatRequestsPerHour.rate rate quota limit exceed: allowed 100 requests","details":[{"@type":"type.googleapis.com/google.rpc.RequestInfo","requestId":"2b2f6a65-60dc-4433-bd7e-c1cd8af56024"}]}	
фото с цветами нейросеть	error	429 Too Many Requests: {"code":8,"message":"search-api.wordstatRequestsPerHour.rate rate quota limit exceed: allowed 100 requests","details":[{"@type":"type.googleapis.com/google.rpc.RequestInfo","requestId":"4eb04d57-8266-4634-ae02-f737a7921413"}]}	
фото в платье нейросеть	error	429 Too Many Requests: {"code":8,"message":"search-api.wordstatRequestsPerHour.rate rate quota limit exceed: allowed 100 requests","details":[{"@type":"type.googleapis.com/google.rpc.RequestInfo","requestId":"426b86f8-fd30-4332-b63b-a03e72dae7d4"}]}	
фото на пляже нейросеть	error	429 Too Many Requests: {"code":8,"message":"search-api.wordstatRequestsPerHour.rate rate quota limit exceed: allowed 100 requests","details":[{"@type":"type.googleapis.com/google.rpc.RequestInfo","requestId":"33bc2e35-1f8e-4187-ba62-ff379fe9b24f"}]}	
городская фотосессия ии	error	429 Too Many Requests: {"code":8,"message":"search-api.wordstatRequestsPerHour.rate rate quota limit exceed: allowed 100 requests","details":[{"@type":"type.googleapis.com/google.rpc.RequestInfo","requestId":"398d11ce-620e-4339-a184-73bf1ea7773b"}]}	
fashion фотосессия ии	error	429 Too Many Requests: {"code":8,"message":"search-api.wordstatRequestsPerHour.rate rate quota limit exceed: allowed 100 requests","details":[{"@type":"type.googleapis.com/google.rpc.RequestInfo","requestId":"1bef9203-e97c-4326-9c90-a131ff672a07"}]}	
деловая фотосессия ии	error	429 Too Many Requests: {"code":8,"message":"search-api.wordstatRequestsPerHour.rate rate quota limit exceed: allowed 100 requests","details":[{"@type":"type.googleapis.com/google.rpc.RequestInfo","requestId":"930f49f2-a9ac-4f6a-b1f3-2d44c8591381"}]}	
нейросеть для карточек товара	error	429 Too Many Requests: {"code":8,"message":"search-api.wordstatRequestsPerHour.rate rate quota limit exceed: allowed 100 requests","details":[{"@type":"type.googleapis.com/google.rpc.RequestInfo","requestId":"a732c3f8-24a8-4378-b35b-836ec686f8e8"}]}	
карточка товара нейросеть	error	429 Too Many Requests: {"code":8,"message":"search-api.wordstatRequestsPerHour.rate rate quota limit exceed: allowed 100 requests","details":[{"@type":"type.googleapis.com/google.rpc.RequestInfo","requestId":"a85f7fd4-5e99-4143-af3d-3da696b91da8"}]}	
создать карточку товара нейросеть	error	429 Too Many Requests: {"code":8,"message":"search-api.wordstatRequestsPerHour.rate rate quota limit exceed: allowed 100 requests","details":[{"@type":"type.googleapis.com/google.rpc.RequestInfo","requestId":"24f33404-23bb-4c87-a135-dde1d2b646c0"}]}	
генерация карточек товара нейросеть	error	429 Too Many Requests: {"code":8,"message":"search-api.wordstatRequestsPerHour.rate rate quota limit exceed: allowed 100 requests","details":[{"@type":"type.googleapis.com/google.rpc.RequestInfo","requestId":"245627c9-1ec0-4b1e-bbf3-d2dee3a5f2ad"}]}	
фото товара нейросеть	error	429 Too Many Requests: {"code":8,"message":"search-api.wordstatRequestsPerHour.rate rate quota limit exceed: allowed 100 requests","details":[{"@type":"type.googleapis.com/google.rpc.RequestInfo","requestId":"419892ca-2048-427c-b7de-052cf7f64b9b"}]}	
нейросеть фото товаров	error	429 Too Many Requests: {"code":8,"message":"search-api.wordstatRequestsPerHour.rate rate quota limit exceed: allowed 100 requests","details":[{"@type":"type.googleapis.com/google.rpc.RequestInfo","requestId":"1e2c0f5b-dbbc-439b-ba64-9825e5575aa9"}]}	
фото для маркетплейса нейросеть	error	429 Too Many Requests: {"code":8,"message":"search-api.wordstatRequestsPerHour.rate rate quota limit exceed: allowed 100 requests","details":[{"@type":"type.googleapis.com/google.rpc.RequestInfo","requestId":"8ec946e8-6d2c-40cd-8a8f-96135fb0bc37"}]}	
нейросеть фото для маркетплейса	error	429 Too Many Requests: {"code":8,"message":"search-api.wordstatRequestsPerHour.rate rate quota limit exceed: allowed 100 requests","details":[{"@type":"type.googleapis.com/google.rpc.RequestInfo","requestId":"f9a6e26b-2ed4-4b33-ad8d-88de279b707a"}]}	
инфографика маркетплейс нейросеть	error	429 Too Many Requests: {"code":8,"message":"search-api.wordstatRequestsPerHour.rate rate quota limit exceed: allowed 100 requests","details":[{"@type":"type.googleapis.com/google.rpc.RequestInfo","requestId":"911656db-a5ba-4321-bf39-b3853df46e3d"}]}	
инфографика для маркетплейсов нейросеть	error	429 Too Many Requests: {"code":8,"message":"search-api.wordstatRequestsPerHour.rate rate quota limit exceed: allowed 100 requests","details":[{"@type":"type.googleapis.com/google.rpc.RequestInfo","requestId":"ea444b7a-da3e-4f5b-9412-7749403956bd"}]}	
предметная съемка нейросеть	error	429 Too Many Requests: {"code":8,"message":"search-api.wordstatRequestsPerHour.rate rate quota limit exceed: allowed 100 requests","details":[{"@type":"type.googleapis.com/google.rpc.RequestInfo","requestId":"86b02ef5-0e5e-4663-ba15-864a41e6c7a8"}]}	
фото для авито нейросеть	error	429 Too Many Requests: {"code":8,"message":"search-api.wordstatRequestsPerHour.rate rate quota limit exceed: allowed 100 requests","details":[{"@type":"type.googleapis.com/google.rpc.RequestInfo","requestId":"2d2996e1-df05-403d-92ec-1a830cae0748"}]}	
фото для озон нейросеть	error	429 Too Many Requests: {"code":8,"message":"search-api.wordstatRequestsPerHour.rate rate quota limit exceed: allowed 100 requests","details":[{"@type":"type.googleapis.com/google.rpc.RequestInfo","requestId":"a74b80ab-9f59-4acb-9f92-f5d31f3de648"}]}	
фото для wildberries нейросеть	error	429 Too Many Requests: {"code":8,"message":"search-api.wordstatRequestsPerHour.rate rate quota limit exceed: allowed 100 requests","details":[{"@type":"type.googleapis.com/google.rpc.RequestInfo","requestId":"ab93edd6-c282-46f9-b44e-c3e256582527"}]}	
новогодняя ии фотосессия	error	429 Too Many Requests: {"code":8,"message":"search-api.wordstatRequestsPerHour.rate rate quota limit exceed: allowed 100 requests","details":[{"@type":"type.googleapis.com/google.rpc.RequestInfo","requestId":"320b0e5f-d3fe-4a99-b1a3-3f176648f60e"}]}	
новогодняя фотосессия нейросеть	error	429 Too Many Requests: {"code":8,"message":"search-api.wordstatRequestsPerHour.rate rate quota limit exceed: allowed 100 requests","details":[{"@type":"type.googleapis.com/google.rpc.RequestInfo","requestId":"6e67b9d8-7288-4d25-8924-ad9bc5ff0a9b"}]}	
новогоднее фото нейросеть	error	429 Too Many Requests: {"code":8,"message":"search-api.wordstatRequestsPerHour.rate rate quota limit exceed: allowed 100 requests","details":[{"@type":"type.googleapis.com/google.rpc.RequestInfo","requestId":"d37a2530-66e3-4044-98c5-2278d1f580f0"}]}	
фото на новый год нейросеть	error	429 Too Many Requests: {"code":8,"message":"search-api.wordstatRequestsPerHour.rate rate quota limit exceed: allowed 100 requests","details":[{"@type":"type.googleapis.com/google.rpc.RequestInfo","requestId":"2bb10989-0d19-4112-9453-6d04dffd80cd"}]}	
фотосессия 8 марта нейросеть	error	429 Too Many Requests: {"code":8,"message":"search-api.wordstatRequestsPerHour.rate rate quota limit exceed: allowed 100 requests","details":[{"@type":"type.googleapis.com/google.rpc.RequestInfo","requestId":"603a2509-073d-4e0c-836f-2e6d09a3da56"}]}	
фото на 14 февраля нейросеть	error	429 Too Many Requests: {"code":8,"message":"search-api.wordstatRequestsPerHour.rate rate quota limit exceed: allowed 100 requests","details":[{"@type":"type.googleapis.com/google.rpc.RequestInfo","requestId":"8f6b9730-a578-40c8-8f0b-57407d89836e"}]}	
осенняя фотосессия нейросеть	error	429 Too Many Requests: {"code":8,"message":"search-api.wordstatRequestsPerHour.rate rate quota limit exceed: allowed 100 requests","details":[{"@type":"type.googleapis.com/google.rpc.RequestInfo","requestId":"5dc103a6-318d-43a2-bfad-64716886cf97"}]}	
зимняя фотосессия нейросеть	error	429 Too Many Requests: {"code":8,"message":"search-api.wordstatRequestsPerHour.rate rate quota limit exceed: allowed 100 requests","details":[{"@type":"type.googleapis.com/google.rpc.RequestInfo","requestId":"26636ee6-08f7-468a-9a83-0d05d3ad4856"}]}	
летняя фотосессия нейросеть	error	429 Too Many Requests: {"code":8,"message":"search-api.wordstatRequestsPerHour.rate rate quota limit exceed: allowed 100 requests","details":[{"@type":"type.googleapis.com/google.rpc.RequestInfo","requestId":"7ca17030-0294-457d-a95d-f05dc690e4f5"}]}	
весенняя фотосессия нейросеть	error	429 Too Many Requests: {"code":8,"message":"search-api.wordstatRequestsPerHour.rate rate quota limit exceed: allowed 100 requests","details":[{"@type":"type.googleapis.com/google.rpc.RequestInfo","requestId":"23099f14-f72b-4f0b-9794-4c7d80d1f10f"}]}	
